triplet_id,anchor_case_id,near_case_id,far_case_id,geometry,near_distance_degrees,far_distance_degrees,entity_group_id,entity_split,template_id,template_split
hue_triplet_c557a5c4fb9b3e67e914,hue_0d7d2d52e63add8a52e1,hue_ca911f0c64103d04cbfd,hue_bb6a818a1f8ff3baab7c,circular_HSV_hue,30,180,entity_00,train,plain,train
hue_triplet_97cc9d6233d0f9d939d1,hue_ca911f0c64103d04cbfd,hue_87205191c21a65e15190,hue_8de2b48faf80b09e1f53,circular_HSV_hue,30,180,entity_00,train,plain,train
hue_triplet_166cc5904a530ab6bd99,hue_87205191c21a65e15190,hue_6969c88c3e3cec5697ee,hue_6be6999dec227ee06509,circular_HSV_hue,30,180,entity_00,train,plain,train
hue_triplet_504f78c6ab0dbce18b60,hue_6969c88c3e3cec5697ee,hue_afd04d3ae859572b206f,hue_602070850b71826bd94e,circular_HSV_hue,30,180,entity_00,train,plain,train
hue_triplet_3fc8ec6838dfd04ac46d,hue_afd04d3ae859572b206f,hue_52468320434b55cb6b87,hue_5981ddbe6de260f8f957,circular_HSV_hue,30,180,entity_00,train,plain,train
hue_triplet_9d91f32241aed657f7f6,hue_52468320434b55cb6b87,hue_bb6a818a1f8ff3baab7c,hue_9baeddd956743df10c3c,circular_HSV_hue,30,180,entity_00,train,plain,train
hue_triplet_58f94aed10b99d2e4fce,hue_bb6a818a1f8ff3baab7c,hue_8de2b48faf80b09e1f53,hue_0d7d2d52e63add8a52e1,circular_HSV_hue,30,180,entity_00,train,plain,train
hue_triplet_ae59d6ffd0afa0e1168d,hue_8de2b48faf80b09e1f53,hue_6be6999dec227ee06509,hue_ca911f0c64103d04cbfd,circular_HSV_hue,30,180,entity_00,train,plain,train
hue_triplet_8c1f30133282745da431,hue_6be6999dec227ee06509,hue_602070850b71826bd94e,hue_87205191c21a65e15190,circular_HSV_hue,30,180,entity_00,train,plain,train
hue_triplet_9b25206c19ff59f71e5c,hue_602070850b71826bd94e,hue_5981ddbe6de260f8f957,hue_6969c88c3e3cec5697ee,circular_HSV_hue,30,180,entity_00,train,plain,train
hue_triplet_6ef0e39842bde8fc1cd3,hue_5981ddbe6de260f8f957,hue_9baeddd956743df10c3c,hue_afd04d3ae859572b206f,circular_HSV_hue,30,180,entity_00,train,plain,train
hue_triplet_2aef96cd088bf315c696,hue_9baeddd956743df10c3c,hue_0d7d2d52e63add8a52e1,hue_52468320434b55cb6b87,circular_HSV_hue,30,180,entity_00,train,plain,train
hue_triplet_ef9c05265796d9cfb24b,hue_f3d841b4a97494de7d09,hue_3bd71068e74bd2fd9ec5,hue_2894cc681ad738df4c62,circular_HSV_hue,30,180,entity_00,train,numeric,train
hue_triplet_3cd29b9076dec090b492,hue_3bd71068e74bd2fd9ec5,hue_aff433e9cb7e65537234,hue_5261fc1b6e4a7ef89605,circular_HSV_hue,30,180,entity_00,train,numeric,train
hue_triplet_7e59a486832b0ce8d22b,hue_aff433e9cb7e65537234,hue_53bfee169f4fdf27f5ca,hue_3b02b6b491a7c62aa940,circular_HSV_hue,30,180,entity_00,train,numeric,train
hue_triplet_370e84a96eb57fe46fa3,hue_53bfee169f4fdf27f5ca,hue_138329178f0d0b60244e,hue_573a66db4c38d42f607d,circular_HSV_hue,30,180,entity_00,train,numeric,train
hue_triplet_cef75a2cda62780931e8,hue_138329178f0d0b60244e,hue_eb2ce77d4d7d6c29e043,hue_0b6d5dc67f3c9c298c5b,circular_HSV_hue,30,180,entity_00,train,numeric,train
hue_triplet_35c8aa238cbc6ae494dc,hue_eb2ce77d4d7d6c29e043,hue_2894cc681ad738df4c62,hue_29e4bc69e18bde535b67,circular_HSV_hue,30,180,entity_00,train,numeric,train
hue_triplet_6d314acdad50b5786c85,hue_2894cc681ad738df4c62,hue_5261fc1b6e4a7ef89605,hue_f3d841b4a97494de7d09,circular_HSV_hue,30,180,entity_00,train,numeric,train
hue_triplet_72f01b738109447a41fe,hue_5261fc1b6e4a7ef89605,hue_3b02b6b491a7c62aa940,hue_3bd71068e74bd2fd9ec5,circular_HSV_hue,30,180,entity_00,train,numeric,train
hue_triplet_1efc679f898e2538b5ee,hue_3b02b6b491a7c62aa940,hue_573a66db4c38d42f607d,hue_aff433e9cb7e65537234,circular_HSV_hue,30,180,entity_00,train,numeric,train
hue_triplet_a05a5d71a4e87af6ba8a,hue_573a66db4c38d42f607d,hue_0b6d5dc67f3c9c298c5b,hue_53bfee169f4fdf27f5ca,circular_HSV_hue,30,180,entity_00,train,numeric,train
hue_triplet_df9ecf9c7a4f6a457d70,hue_0b6d5dc67f3c9c298c5b,hue_29e4bc69e18bde535b67,hue_138329178f0d0b60244e,circular_HSV_hue,30,180,entity_00,train,numeric,train
hue_triplet_13b82237fce4aa5c1bf5,hue_29e4bc69e18bde535b67,hue_f3d841b4a97494de7d09,hue_eb2ce77d4d7d6c29e043,circular_HSV_hue,30,180,entity_00,train,numeric,train
hue_triplet_b05955800c377159a541,hue_7476ec52abb22cb92e75,hue_3860a4084daa46f1b47b,hue_7283bde5e4048d0e3468,circular_HSV_hue,30,180,entity_00,train,paraphrase,heldout
hue_triplet_815279ee9c99d2907177,hue_3860a4084daa46f1b47b,hue_d0afb2116d08d2441be8,hue_93c265bf6102c90eab7d,circular_HSV_hue,30,180,entity_00,train,paraphrase,heldout
hue_triplet_8c64388ccd25a322c7b5,hue_d0afb2116d08d2441be8,hue_c89b773964466fb81591,hue_ff3ee29e7525449ce0f5,circular_HSV_hue,30,180,entity_00,train,paraphrase,heldout
hue_triplet_573c9219bc707b7f145d,hue_c89b773964466fb81591,hue_6965cc9c1de81b5ec1a7,hue_9ea7ec096a863155a33a,circular_HSV_hue,30,180,entity_00,train,paraphrase,heldout
hue_triplet_e6bb402c391d39c7a22c,hue_6965cc9c1de81b5ec1a7,hue_c441c8a6e505ed1d996a,hue_6843c30c77a9822c0aff,circular_HSV_hue,30,180,entity_00,train,paraphrase,heldout
hue_triplet_dd5d5ca156e8dab2ad26,hue_c441c8a6e505ed1d996a,hue_7283bde5e4048d0e3468,hue_0ce3ace0f41815e3ed96,circular_HSV_hue,30,180,entity_00,train,paraphrase,heldout
hue_triplet_0c473827b74c2f3aaac0,hue_7283bde5e4048d0e3468,hue_93c265bf6102c90eab7d,hue_7476ec52abb22cb92e75,circular_HSV_hue,30,180,entity_00,train,paraphrase,heldout
hue_triplet_27ac42af6f2bba7a019e,hue_93c265bf6102c90eab7d,hue_ff3ee29e7525449ce0f5,hue_3860a4084daa46f1b47b,circular_HSV_hue,30,180,entity_00,train,paraphrase,heldout
hue_triplet_10cc5d5f0e57143655c7,hue_ff3ee29e7525449ce0f5,hue_9ea7ec096a863155a33a,hue_d0afb2116d08d2441be8,circular_HSV_hue,30,180,entity_00,train,paraphrase,heldout
hue_triplet_6e72152595e07e8721e9,hue_9ea7ec096a863155a33a,hue_6843c30c77a9822c0aff,hue_c89b773964466fb81591,circular_HSV_hue,30,180,entity_00,train,paraphrase,heldout
hue_triplet_216c98f16a236a3d2857,hue_6843c30c77a9822c0aff,hue_0ce3ace0f41815e3ed96,hue_6965cc9c1de81b5ec1a7,circular_HSV_hue,30,180,entity_00,train,paraphrase,heldout
hue_triplet_c415c6d8ad8c333bb673,hue_0ce3ace0f41815e3ed96,hue_7476ec52abb22cb92e75,hue_c441c8a6e505ed1d996a,circular_HSV_hue,30,180,entity_00,train,paraphrase,heldout
hue_triplet_0fbcc51c37aa2f17288a,hue_0d2d692134f011d19e02,hue_b66fdf1ec7c090ff23eb,hue_f6d4401873f479a309a6,circular_HSV_hue,30,180,entity_00,train,reordered,heldout
hue_triplet_1aaa9428aa973981e5fe,hue_b66fdf1ec7c090ff23eb,hue_7fbe94963a2c94f04d01,hue_1b5f7bcddb3487b02fa5,circular_HSV_hue,30,180,entity_00,train,reordered,heldout
hue_triplet_8e1034c735760093f294,hue_7fbe94963a2c94f04d01,hue_afd799871add7c40c28b,hue_dcd5b9ebf507be230dac,circular_HSV_hue,30,180,entity_00,train,reordered,heldout
hue_triplet_c7f32035d4bd6930ca1f,hue_afd799871add7c40c28b,hue_1eee0ec3c3af1ba623cd,hue_457f8814efb4fa7ba0d7,circular_HSV_hue,30,180,entity_00,train,reordered,heldout
hue_triplet_f423753f40d23456da56,hue_1eee0ec3c3af1ba623cd,hue_12095f6741b166ba245a,hue_8d32bf667c6c4bd19713,circular_HSV_hue,30,180,entity_00,train,reordered,heldout
hue_triplet_bacd4c7cb4c36d63ecb6,hue_12095f6741b166ba245a,hue_f6d4401873f479a309a6,hue_766abd0e62b06514c1b9,circular_HSV_hue,30,180,entity_00,train,reordered,heldout
hue_triplet_659f4bf71951693bbdf1,hue_f6d4401873f479a309a6,hue_1b5f7bcddb3487b02fa5,hue_0d2d692134f011d19e02,circular_HSV_hue,30,180,entity_00,train,reordered,heldout
hue_triplet_515a1e859889fa87ea16,hue_1b5f7bcddb3487b02fa5,hue_dcd5b9ebf507be230dac,hue_b66fdf1ec7c090ff23eb,circular_HSV_hue,30,180,entity_00,train,reordered,heldout
hue_triplet_f878bf8077dc3ef40e9b,hue_dcd5b9ebf507be230dac,hue_457f8814efb4fa7ba0d7,hue_7fbe94963a2c94f04d01,circular_HSV_hue,30,180,entity_00,train,reordered,heldout
hue_triplet_45516a2f2c52d7afdaf1,hue_457f8814efb4fa7ba0d7,hue_8d32bf667c6c4bd19713,hue_afd799871add7c40c28b,circular_HSV_hue,30,180,entity_00,train,reordered,heldout
hue_triplet_0f0658c481c0a0e42845,hue_8d32bf667c6c4bd19713,hue_766abd0e62b06514c1b9,hue_1eee0ec3c3af1ba623cd,circular_HSV_hue,30,180,entity_00,train,reordered,heldout
hue_triplet_d444d325e26963889996,hue_766abd0e62b06514c1b9,hue_0d2d692134f011d19e02,hue_12095f6741b166ba245a,circular_HSV_hue,30,180,entity_00,train,reordered,heldout
hue_triplet_746905423157b93c5d1a,hue_ac92804437dc28c96928,hue_35f36d44612b2d94bfc4,hue_64495b8a67f3ff924900,circular_HSV_hue,30,180,entity_01,test,plain,train
hue_triplet_ade4fc51c0eb282a33f3,hue_35f36d44612b2d94bfc4,hue_d321294a0560db1b3ed1,hue_5aceaafd1f6560e834fe,circular_HSV_hue,30,180,entity_01,test,plain,train
hue_triplet_4ee036d7acb3cd1be91c,hue_d321294a0560db1b3ed1,hue_112f3218585698b14899,hue_bd4cd6b0bd10eb87abed,circular_HSV_hue,30,180,entity_01,test,plain,train
hue_triplet_ae75834a7428b16fa2a5,hue_112f3218585698b14899,hue_84e16827f0b9ac43eaa2,hue_44acf6b61c098904288f,circular_HSV_hue,30,180,entity_01,test,plain,train
hue_triplet_941a85f989ca2ed1ff68,hue_84e16827f0b9ac43eaa2,hue_c41d876f7ceb38e5ea90,hue_3da3e94a94ada4951e67,circular_HSV_hue,30,180,entity_01,test,plain,train
hue_triplet_69c2fefce4aa97b8c889,hue_c41d876f7ceb38e5ea90,hue_64495b8a67f3ff924900,hue_7e19e0479b19dd5c2b7f,circular_HSV_hue,30,180,entity_01,test,plain,train
hue_triplet_d06e17ecb1d28a4aef98,hue_64495b8a67f3ff924900,hue_5aceaafd1f6560e834fe,hue_ac92804437dc28c96928,circular_HSV_hue,30,180,entity_01,test,plain,train
hue_triplet_ee899d3142b71a15238e,hue_5aceaafd1f6560e834fe,hue_bd4cd6b0bd10eb87abed,hue_35f36d44612b2d94bfc4,circular_HSV_hue,30,180,entity_01,test,plain,train
hue_triplet_487654e6207ced4aebcc,hue_bd4cd6b0bd10eb87abed,hue_44acf6b61c098904288f,hue_d321294a0560db1b3ed1,circular_HSV_hue,30,180,entity_01,test,plain,train
hue_triplet_b6f862a6e948fbfb66a5,hue_44acf6b61c098904288f,hue_3da3e94a94ada4951e67,hue_112f3218585698b14899,circular_HSV_hue,30,180,entity_01,test,plain,train
hue_triplet_9719ee32906514ecf53f,hue_3da3e94a94ada4951e67,hue_7e19e0479b19dd5c2b7f,hue_84e16827f0b9ac43eaa2,circular_HSV_hue,30,180,entity_01,test,plain,train
hue_triplet_5eef0bffc3e1f3a6c44a,hue_7e19e0479b19dd5c2b7f,hue_ac92804437dc28c96928,hue_c41d876f7ceb38e5ea90,circular_HSV_hue,30,180,entity_01,test,plain,train
hue_triplet_34e2d014c390d9dfb065,hue_405d50b587fc2e564839,hue_bf416e1b37dbc5f7e830,hue_674b878de698bd9be290,circular_HSV_hue,30,180,entity_01,test,numeric,train
hue_triplet_9fbe2708ca2631f36b47,hue_bf416e1b37dbc5f7e830,hue_937a158aeb7a0e8494fc,hue_12c6096c4bf1a4e78f57,circular_HSV_hue,30,180,entity_01,test,numeric,train
hue_triplet_9bda13fe2b2bec345a9e,hue_937a158aeb7a0e8494fc,hue_869c96dc82872e5963ea,hue_d20b2bbf757eb0e5d019,circular_HSV_hue,30,180,entity_01,test,numeric,train
hue_triplet_bcd4ea387c8ccaed0953,hue_869c96dc82872e5963ea,hue_22f7301cafbc755f7174,hue_2363d77f6ef4a6cac4e8,circular_HSV_hue,30,180,entity_01,test,numeric,train
hue_triplet_723f4d15077db9edf844,hue_22f7301cafbc755f7174,hue_3b5e008527735deb09ae,hue_5309b58ba05f89c5f2e3,circular_HSV_hue,30,180,entity_01,test,numeric,train
hue_triplet_660cc2241c698617e8f6,hue_3b5e008527735deb09ae,hue_674b878de698bd9be290,hue_ea3c5bba6f9e5f61f1cb,circular_HSV_hue,30,180,entity_01,test,numeric,train
hue_triplet_c8c39a80a3dce9c377f1,hue_674b878de698bd9be290,hue_12c6096c4bf1a4e78f57,hue_405d50b587fc2e564839,circular_HSV_hue,30,180,entity_01,test,numeric,train
hue_triplet_7ef92685bfeb51e370b6,hue_12c6096c4bf1a4e78f57,hue_d20b2bbf757eb0e5d019,hue_bf416e1b37dbc5f7e830,circular_HSV_hue,30,180,entity_01,test,numeric,train
hue_triplet_90f37baa8fc89ab7ddc7,hue_d20b2bbf757eb0e5d019,hue_2363d77f6ef4a6cac4e8,hue_937a158aeb7a0e8494fc,circular_HSV_hue,30,180,entity_01,test,numeric,train
hue_triplet_63d661f0502b4dca39ae,hue_2363d77f6ef4a6cac4e8,hue_5309b58ba05f89c5f2e3,hue_869c96dc82872e5963ea,circular_HSV_hue,30,180,entity_01,test,numeric,train
hue_triplet_09ff292c27b463c05a08,hue_5309b58ba05f89c5f2e3,hue_ea3c5bba6f9e5f61f1cb,hue_22f7301cafbc755f7174,circular_HSV_hue,30,180,entity_01,test,numeric,train
hue_triplet_3ae9e70167095c678d5a,hue_ea3c5bba6f9e5f61f1cb,hue_405d50b587fc2e564839,hue_3b5e008527735deb09ae,circular_HSV_hue,30,180,entity_01,test,numeric,train
hue_triplet_5389e97e6a0b6ff4c5b4,hue_5c8a1aeb70d1a8048b74,hue_a2a4f6a34474973a2fc3,hue_123cf48012ea31a04053,circular_HSV_hue,30,180,entity_01,test,paraphrase,heldout
hue_triplet_2f18be489db60971d9f2,hue_a2a4f6a34474973a2fc3,hue_cc9c0cee50974e9eae2e,hue_388988a161e705945ee8,circular_HSV_hue,30,180,entity_01,test,paraphrase,heldout
hue_triplet_154195b426cf6789ad96,hue_cc9c0cee50974e9eae2e,hue_dc7e6b656b9c11fab9bf,hue_652c9f09468236f32884,circular_HSV_hue,30,180,entity_01,test,paraphrase,heldout
hue_triplet_40922d2789df22cea4bb,hue_dc7e6b656b9c11fab9bf,hue_f683154039d82821cc86,hue_8b955f2920e28471242f,circular_HSV_hue,30,180,entity_01,test,paraphrase,heldout
hue_triplet_7a70ed8bc6664de05bfc,hue_f683154039d82821cc86,hue_2c0447bdda4b718b7c62,hue_6e74dbe068f92a54eefe,circular_HSV_hue,30,180,entity_01,test,paraphrase,heldout
hue_triplet_849414d2abadd2de3aad,hue_2c0447bdda4b718b7c62,hue_123cf48012ea31a04053,hue_ad9a4d15dfbeac79440b,circular_HSV_hue,30,180,entity_01,test,paraphrase,heldout
hue_triplet_e0b7e0bb89ad154934ff,hue_123cf48012ea31a04053,hue_388988a161e705945ee8,hue_5c8a1aeb70d1a8048b74,circular_HSV_hue,30,180,entity_01,test,paraphrase,heldout
hue_triplet_a766003e858f08df3c11,hue_388988a161e705945ee8,hue_652c9f09468236f32884,hue_a2a4f6a34474973a2fc3,circular_HSV_hue,30,180,entity_01,test,paraphrase,heldout
hue_triplet_04740ddecf35854aa95c,hue_652c9f09468236f32884,hue_8b955f2920e28471242f,hue_cc9c0cee50974e9eae2e,circular_HSV_hue,30,180,entity_01,test,paraphrase,heldout
hue_triplet_dd54f61a29a3cd174ce5,hue_8b955f2920e28471242f,hue_6e74dbe068f92a54eefe,hue_dc7e6b656b9c11fab9bf,circular_HSV_hue,30,180,entity_01,test,paraphrase,heldout
hue_triplet_15364cd18009264e7cb1,hue_6e74dbe068f92a54eefe,hue_ad9a4d15dfbeac79440b,hue_f683154039d82821cc86,circular_HSV_hue,30,180,entity_01,test,paraphrase,heldout
hue_triplet_902339f25dd1f0565aa4,hue_ad9a4d15dfbeac79440b,hue_5c8a1aeb70d1a8048b74,hue_2c0447bdda4b718b7c62,circular_HSV_hue,30,180,entity_01,test,paraphrase,heldout
hue_triplet_9119ffa5b2326e4d166f,hue_dcacab6e9e1c80be48e0,hue_17e79099b908fa576d45,hue_0c5cd3a0c49492eb0c6b,circular_HSV_hue,30,180,entity_01,test,reordered,heldout
hue_triplet_651e29af405fac08f283,hue_17e79099b908fa576d45,hue_1f3e923db6dc9f3d11ab,hue_fff2867cb87e0c6058c7,circular_HSV_hue,30,180,entity_01,test,reordered,heldout
hue_triplet_f98ea64f14d53e0a085b,hue_1f3e923db6dc9f3d11ab,hue_5e1f274cf9a76ddf08f1,hue_0cd296fbbfff6c13b556,circular_HSV_hue,30,180,entity_01,test,reordered,heldout
hue_triplet_fc962f1adf38c969928e,hue_5e1f274cf9a76ddf08f1,hue_0f7bb51e3f0c63f8cde2,hue_72395f51c4391e5b3704,circular_HSV_hue,30,180,entity_01,test,reordered,heldout
hue_triplet_69bb9030c9c0c413d173,hue_0f7bb51e3f0c63f8cde2,hue_47c0bb5aa19078c036d4,hue_1c5f51c7623023353dd5,circular_HSV_hue,30,180,entity_01,test,reordered,heldout
hue_triplet_b1dd19bb8f9e10ff7d27,hue_47c0bb5aa19078c036d4,hue_0c5cd3a0c49492eb0c6b,hue_1d40d021c683fd82632f,circular_HSV_hue,30,180,entity_01,test,reordered,heldout
hue_triplet_47fd766d257b6b49d368,hue_0c5cd3a0c49492eb0c6b,hue_fff2867cb87e0c6058c7,hue_dcacab6e9e1c80be48e0,circular_HSV_hue,30,180,entity_01,test,reordered,heldout
hue_triplet_f9b39ddc4542baf23b61,hue_fff2867cb87e0c6058c7,hue_0cd296fbbfff6c13b556,hue_17e79099b908fa576d45,circular_HSV_hue,30,180,entity_01,test,reordered,heldout
hue_triplet_6ce5c2d4f87c85a75abb,hue_0cd296fbbfff6c13b556,hue_72395f51c4391e5b3704,hue_1f3e923db6dc9f3d11ab,circular_HSV_hue,30,180,entity_01,test,reordered,heldout
hue_triplet_7262f172f448a34bd668,hue_72395f51c4391e5b3704,hue_1c5f51c7623023353dd5,hue_5e1f274cf9a76ddf08f1,circular_HSV_hue,30,180,entity_01,test,reordered,heldout
hue_triplet_f16ab09927f298da4e3c,hue_1c5f51c7623023353dd5,hue_1d40d021c683fd82632f,hue_0f7bb51e3f0c63f8cde2,circular_HSV_hue,30,180,entity_01,test,reordered,heldout
hue_triplet_7db216a45297deb5f036,hue_1d40d021c683fd82632f,hue_dcacab6e9e1c80be48e0,hue_47c0bb5aa19078c036d4,circular_HSV_hue,30,180,entity_01,test,reordered,heldout
hue_triplet_c9d2548deac7bef8dbd3,hue_84d1ac83ce757f53e05b,hue_329527a90b807ccd750d,hue_48010a2229c9114f78fc,circular_HSV_hue,30,180,entity_02,train,plain,train
hue_triplet_dd4c0000340aae806427,hue_329527a90b807ccd750d,hue_3ffa62829c1d06ac4dcf,hue_cc58b68869e32ba7cbb0,circular_HSV_hue,30,180,entity_02,train,plain,train
hue_triplet_2e51fb0a9dedf4a7ad32,hue_3ffa62829c1d06ac4dcf,hue_d32f4c90c0e274fa91de,hue_38673d1f8f8dce195d65,circular_HSV_hue,30,180,entity_02,train,plain,train
hue_triplet_88a152080393ac1799e4,hue_d32f4c90c0e274fa91de,hue_4059ec32575fcc571997,hue_9ad4e371aad1a5ff125d,circular_HSV_hue,30,180,entity_02,train,plain,train
hue_triplet_7e79eb0e09bd2aaf0f96,hue_4059ec32575fcc571997,hue_75d715ca49480a29f5da,hue_d6c29ef043f22468ba9e,circular_HSV_hue,30,180,entity_02,train,plain,train
hue_triplet_e18befdcff333f996fe6,hue_75d715ca49480a29f5da,hue_48010a2229c9114f78fc,hue_fe55fd2918c4076d7b77,circular_HSV_hue,30,180,entity_02,train,plain,train
hue_triplet_800c94ff173be9c077d0,hue_48010a2229c9114f78fc,hue_cc58b68869e32ba7cbb0,hue_84d1ac83ce757f53e05b,circular_HSV_hue,30,180,entity_02,train,plain,train
hue_triplet_434833f4058a44da5a01,hue_cc58b68869e32ba7cbb0,hue_38673d1f8f8dce195d65,hue_329527a90b807ccd750d,circular_HSV_hue,30,180,entity_02,train,plain,train
hue_triplet_ad10456f5e74a41fbb1e,hue_38673d1f8f8dce195d65,hue_9ad4e371aad1a5ff125d,hue_3ffa62829c1d06ac4dcf,circular_HSV_hue,30,180,entity_02,train,plain,train
hue_triplet_7c0345bc090ad5f402b9,hue_9ad4e371aad1a5ff125d,hue_d6c29ef043f22468ba9e,hue_d32f4c90c0e274fa91de,circular_HSV_hue,30,180,entity_02,train,plain,train
hue_triplet_3257761685f93e4385d7,hue_d6c29ef043f22468ba9e,hue_fe55fd2918c4076d7b77,hue_4059ec32575fcc571997,circular_HSV_hue,30,180,entity_02,train,plain,train
hue_triplet_c54c2902206f4adc8457,hue_fe55fd2918c4076d7b77,hue_84d1ac83ce757f53e05b,hue_75d715ca49480a29f5da,circular_HSV_hue,30,180,entity_02,train,plain,train
hue_triplet_31d8d15415298bcf8838,hue_325180dd26f62d843791,hue_e033190fdbd828ce8c8e,hue_86819dde8d6a2ef62d4a,circular_HSV_hue,30,180,entity_02,train,numeric,train
hue_triplet_c23c9dfe65aa917200fe,hue_e033190fdbd828ce8c8e,hue_1d1cddbd2e1dc16eacb5,hue_90bfd22495c435ebc813,circular_HSV_hue,30,180,entity_02,train,numeric,train
hue_triplet_0cf14669673e09648ff9,hue_1d1cddbd2e1dc16eacb5,hue_003820b22ec3bb43ccae,hue_b654cc216180faf30c4e,circular_HSV_hue,30,180,entity_02,train,numeric,train
hue_triplet_d827844c009965e05b5d,hue_003820b22ec3bb43ccae,hue_bc0b070f4ea4a0719075,hue_833a83805b82431a41c9,circular_HSV_hue,30,180,entity_02,train,numeric,train
hue_triplet_b04a1100a2158f446076,hue_bc0b070f4ea4a0719075,hue_9974845d5331e22f8b39,hue_5b528121bf696a045e03,circular_HSV_hue,30,180,entity_02,train,numeric,train
hue_triplet_4e11d59933d9b55b9759,hue_9974845d5331e22f8b39,hue_86819dde8d6a2ef62d4a,hue_ff7ac9685cf34f820971,circular_HSV_hue,30,180,entity_02,train,numeric,train
hue_triplet_c9d99472f84aecf59880,hue_86819dde8d6a2ef62d4a,hue_90bfd22495c435ebc813,hue_325180dd26f62d843791,circular_HSV_hue,30,180,entity_02,train,numeric,train
hue_triplet_9702313b56616f46d301,hue_90bfd22495c435ebc813,hue_b654cc216180faf30c4e,hue_e033190fdbd828ce8c8e,circular_HSV_hue,30,180,entity_02,train,numeric,train
hue_triplet_1726623bdff728ee4339,hue_b654cc216180faf30c4e,hue_833a83805b82431a41c9,hue_1d1cddbd2e1dc16eacb5,circular_HSV_hue,30,180,entity_02,train,numeric,train
hue_triplet_ae57fe0d51032e4dfbda,hue_833a83805b82431a41c9,hue_5b528121bf696a045e03,hue_003820b22ec3bb43ccae,circular_HSV_hue,30,180,entity_02,train,numeric,train
hue_triplet_9b8cde2a79e4bdf216f2,hue_5b528121bf696a045e03,hue_ff7ac9685cf34f820971,hue_bc0b070f4ea4a0719075,circular_HSV_hue,30,180,entity_02,train,numeric,train
hue_triplet_256b45abc04360a2bb40,hue_ff7ac9685cf34f820971,hue_325180dd26f62d843791,hue_9974845d5331e22f8b39,circular_HSV_hue,30,180,entity_02,train,numeric,train
hue_triplet_cb1ea550df0399ecd39c,hue_57bcbba554ae94f92038,hue_918aa63e90efe516d296,hue_332ef66772d496cca022,circular_HSV_hue,30,180,entity_02,train,paraphrase,heldout
hue_triplet_f70f551c03cb2be89442,hue_918aa63e90efe516d296,hue_65a12a86180a0ed86a96,hue_536516ba1b67ada0ea39,circular_HSV_hue,30,180,entity_02,train,paraphrase,heldout
hue_triplet_09574f91014aee0adb83,hue_65a12a86180a0ed86a96,hue_fe4524342b7d11c167e7,hue_67754466fa2558f7d6a4,circular_HSV_hue,30,180,entity_02,train,paraphrase,heldout
hue_triplet_70122e2b2257cf8b33ad,hue_fe4524342b7d11c167e7,hue_312240125a3b0e3a31b9,hue_4505c62bea00d6ea9b32,circular_HSV_hue,30,180,entity_02,train,paraphrase,heldout
hue_triplet_b5a502c4207d78a44e00,hue_312240125a3b0e3a31b9,hue_3dee6b525cd2b3d1a989,hue_6b8df1eb4ed6eeb709eb,circular_HSV_hue,30,180,entity_02,train,paraphrase,heldout
hue_triplet_e1bd01c51b6f9ad09524,hue_3dee6b525cd2b3d1a989,hue_332ef66772d496cca022,hue_54f9844eb91386a49d9b,circular_HSV_hue,30,180,entity_02,train,paraphrase,heldout
hue_triplet_30949baa925b70b76df3,hue_332ef66772d496cca022,hue_536516ba1b67ada0ea39,hue_57bcbba554ae94f92038,circular_HSV_hue,30,180,entity_02,train,paraphrase,heldout
hue_triplet_e75578b31ca053bf6f3d,hue_536516ba1b67ada0ea39,hue_67754466fa2558f7d6a4,hue_918aa63e90efe516d296,circular_HSV_hue,30,180,entity_02,train,paraphrase,heldout
hue_triplet_755401a6b458b600cc94,hue_67754466fa2558f7d6a4,hue_4505c62bea00d6ea9b32,hue_65a12a86180a0ed86a96,circular_HSV_hue,30,180,entity_02,train,paraphrase,heldout
hue_triplet_cc51386076bd924cb8d2,hue_4505c62bea00d6ea9b32,hue_6b8df1eb4ed6eeb709eb,hue_fe4524342b7d11c167e7,circular_HSV_hue,30,180,entity_02,train,paraphrase,heldout
hue_triplet_ac73523066348968fdde,hue_6b8df1eb4ed6eeb709eb,hue_54f9844eb91386a49d9b,hue_312240125a3b0e3a31b9,circular_HSV_hue,30,180,entity_02,train,paraphrase,heldout
hue_triplet_56a366f65597bd60e186,hue_54f9844eb91386a49d9b,hue_57bcbba554ae94f92038,hue_3dee6b525cd2b3d1a989,circular_HSV_hue,30,180,entity_02,train,paraphrase,heldout
hue_triplet_305e25083b728e1da9ec,hue_3918bfb2b3a86796e3f1,hue_4d0161183b5a9529698b,hue_49dc96a966de00a8abb1,circular_HSV_hue,30,180,entity_02,train,reordered,heldout
hue_triplet_1d5dafa826c66dc1b74e,hue_4d0161183b5a9529698b,hue_298658b86204d92a7aa3,hue_202a9afd8504fc29a261,circular_HSV_hue,30,180,entity_02,train,reordered,heldout
hue_triplet_c17decb4a258ee8cdb3e,hue_298658b86204d92a7aa3,hue_b97939020ad6ee4f5ca6,hue_d5914305ff65f826975e,circular_HSV_hue,30,180,entity_02,train,reordered,heldout
hue_triplet_68cef37eca3530db20ca,hue_b97939020ad6ee4f5ca6,hue_df71fae76d689ef76ba6,hue_859e3f2d3bbb6f239f3f,circular_HSV_hue,30,180,entity_02,train,reordered,heldout
hue_triplet_fc146ff47e4b657b61e4,hue_df71fae76d689ef76ba6,hue_43804ebac27dc2bf41e6,hue_58a3e72b8f068c596c75,circular_HSV_hue,30,180,entity_02,train,reordered,heldout
hue_triplet_e189b8e4559ec9cddf07,hue_43804ebac27dc2bf41e6,hue_49dc96a966de00a8abb1,hue_44c5103cc2316b112c51,circular_HSV_hue,30,180,entity_02,train,reordered,heldout
hue_triplet_16beae0faad4b4805ab9,hue_49dc96a966de00a8abb1,hue_202a9afd8504fc29a261,hue_3918bfb2b3a86796e3f1,circular_HSV_hue,30,180,entity_02,train,reordered,heldout
hue_triplet_050f327d8311058fedc8,hue_202a9afd8504fc29a261,hue_d5914305ff65f826975e,hue_4d0161183b5a9529698b,circular_HSV_hue,30,180,entity_02,train,reordered,heldout
hue_triplet_2548d0397e3d8a7253b5,hue_d5914305ff65f826975e,hue_859e3f2d3bbb6f239f3f,hue_298658b86204d92a7aa3,circular_HSV_hue,30,180,entity_02,train,reordered,heldout
hue_triplet_7e9b7776526dd1521372,hue_859e3f2d3bbb6f239f3f,hue_58a3e72b8f068c596c75,hue_b97939020ad6ee4f5ca6,circular_HSV_hue,30,180,entity_02,train,reordered,heldout
hue_triplet_185159506d12be0f3379,hue_58a3e72b8f068c596c75,hue_44c5103cc2316b112c51,hue_df71fae76d689ef76ba6,circular_HSV_hue,30,180,entity_02,train,reordered,heldout
hue_triplet_304e717754e51421ffec,hue_44c5103cc2316b112c51,hue_3918bfb2b3a86796e3f1,hue_43804ebac27dc2bf41e6,circular_HSV_hue,30,180,entity_02,train,reordered,heldout
hue_triplet_2503ae66a3390a8c0365,hue_ae2b30a1f6a7b93f8214,hue_64a5f7551e25ff9b3cb5,hue_3c43ebad23071d2b6b69,circular_HSV_hue,30,180,entity_03,validation,plain,train
hue_triplet_c27b6f47992562dc1a87,hue_64a5f7551e25ff9b3cb5,hue_5a3199ff87d6bee7a457,hue_0f12b79006fa5cff8c08,circular_HSV_hue,30,180,entity_03,validation,plain,train
hue_triplet_260afde85c56de6bc16d,hue_5a3199ff87d6bee7a457,hue_8e005cfb31093e9403e5,hue_de77ecddce3fbce3377d,circular_HSV_hue,30,180,entity_03,validation,plain,train
hue_triplet_488705855bd6c12449e2,hue_8e005cfb31093e9403e5,hue_157770b74163e374b2d4,hue_a9ac2ad6a187b66aba1d,circular_HSV_hue,30,180,entity_03,validation,plain,train
hue_triplet_9974f8fcb69dbd3ade8a,hue_157770b74163e374b2d4,hue_368eccc2cb1624042216,hue_550db5fb6dbac81259ba,circular_HSV_hue,30,180,entity_03,validation,plain,train
hue_triplet_6a30abd6a3cabadb6916,hue_368eccc2cb1624042216,hue_3c43ebad23071d2b6b69,hue_43d12e32f1230cc32d54,circular_HSV_hue,30,180,entity_03,validation,plain,train
hue_triplet_45f699811218bc4494d9,hue_3c43ebad23071d2b6b69,hue_0f12b79006fa5cff8c08,hue_ae2b30a1f6a7b93f8214,circular_HSV_hue,30,180,entity_03,validation,plain,train
hue_triplet_736024786ec3f36bc548,hue_0f12b79006fa5cff8c08,hue_de77ecddce3fbce3377d,hue_64a5f7551e25ff9b3cb5,circular_HSV_hue,30,180,entity_03,validation,plain,train
hue_triplet_d4669cd03ae6e30a367c,hue_de77ecddce3fbce3377d,hue_a9ac2ad6a187b66aba1d,hue_5a3199ff87d6bee7a457,circular_HSV_hue,30,180,entity_03,validation,plain,train
hue_triplet_95fe247f52ff35624faf,hue_a9ac2ad6a187b66aba1d,hue_550db5fb6dbac81259ba,hue_8e005cfb31093e9403e5,circular_HSV_hue,30,180,entity_03,validation,plain,train
hue_triplet_302fa4a37618329c54c7,hue_550db5fb6dbac81259ba,hue_43d12e32f1230cc32d54,hue_157770b74163e374b2d4,circular_HSV_hue,30,180,entity_03,validation,plain,train
hue_triplet_f1af16d04653fed2772b,hue_43d12e32f1230cc32d54,hue_ae2b30a1f6a7b93f8214,hue_368eccc2cb1624042216,circular_HSV_hue,30,180,entity_03,validation,plain,train
hue_triplet_3be3c99c673a7d62f18a,hue_dfe5387397e280f64d16,hue_216b9576be58e69a40b0,hue_3b629a39956fefc7585c,circular_HSV_hue,30,180,entity_03,validation,numeric,train
hue_triplet_4a6fb3cbe29acb417ab6,hue_216b9576be58e69a40b0,hue_9f67849d88a4c5e92b33,hue_2e3b7616806795679408,circular_HSV_hue,30,180,entity_03,validation,numeric,train
hue_triplet_775205c04ce4e54d337b,hue_9f67849d88a4c5e92b33,hue_8f59cdc31e86080aed66,hue_db76f2fbd8a73c816e20,circular_HSV_hue,30,180,entity_03,validation,numeric,train
hue_triplet_d63093e3f2a235273fdf,hue_8f59cdc31e86080aed66,hue_c41402bed2b0039734ee,hue_d02f604fed9429f17ac5,circular_HSV_hue,30,180,entity_03,validation,numeric,train
hue_triplet_1c26f01e63a89ef96fc9,hue_c41402bed2b0039734ee,hue_83e6f910a669990ea766,hue_a8d7e23c0020ba9d4c85,circular_HSV_hue,30,180,entity_03,validation,numeric,train
hue_triplet_cd4e459841bd0207e8f2,hue_83e6f910a669990ea766,hue_3b629a39956fefc7585c,hue_42789c030ceec50c2e6d,circular_HSV_hue,30,180,entity_03,validation,numeric,train
hue_triplet_96fe7699a94b129e5ce1,hue_3b629a39956fefc7585c,hue_2e3b7616806795679408,hue_dfe5387397e280f64d16,circular_HSV_hue,30,180,entity_03,validation,numeric,train
hue_triplet_3f447c7d368030737bfa,hue_2e3b7616806795679408,hue_db76f2fbd8a73c816e20,hue_216b9576be58e69a40b0,circular_HSV_hue,30,180,entity_03,validation,numeric,train
hue_triplet_7c7c3d8c0cc4f4bc38af,hue_db76f2fbd8a73c816e20,hue_d02f604fed9429f17ac5,hue_9f67849d88a4c5e92b33,circular_HSV_hue,30,180,entity_03,validation,numeric,train
hue_triplet_609a1dc8a20d1f95873c,hue_d02f604fed9429f17ac5,hue_a8d7e23c0020ba9d4c85,hue_8f59cdc31e86080aed66,circular_HSV_hue,30,180,entity_03,validation,numeric,train
hue_triplet_365ffe34f3ea5c1a94d2,hue_a8d7e23c0020ba9d4c85,hue_42789c030ceec50c2e6d,hue_c41402bed2b0039734ee,circular_HSV_hue,30,180,entity_03,validation,numeric,train
hue_triplet_6db5ff4e5447ae4c1da0,hue_42789c030ceec50c2e6d,hue_dfe5387397e280f64d16,hue_83e6f910a669990ea766,circular_HSV_hue,30,180,entity_03,validation,numeric,train
hue_triplet_68ed33e06007339aedd6,hue_d88d19c221b12e594f47,hue_2029b2cf5ad3327e1191,hue_7405d138c92876725f65,circular_HSV_hue,30,180,entity_03,validation,paraphrase,heldout
hue_triplet_f01eea1f9230b12d9b3a,hue_2029b2cf5ad3327e1191,hue_18e6ec8548cea985fb94,hue_f4a3552377535639c76a,circular_HSV_hue,30,180,entity_03,validation,paraphrase,heldout
hue_triplet_6ec88bdbd89ea9f0c1f7,hue_18e6ec8548cea985fb94,hue_a100b8ab69781175efff,hue_cf1f193d4504511a6604,circular_HSV_hue,30,180,entity_03,validation,paraphrase,heldout
hue_triplet_29d849cca52d13807a44,hue_a100b8ab69781175efff,hue_8707fb6b60441b5ac48a,hue_87ea844144e3b4da5665,circular_HSV_hue,30,180,entity_03,validation,paraphrase,heldout
hue_triplet_61e8d65c34e061c2b24a,hue_8707fb6b60441b5ac48a,hue_1a58396cba81081b1e28,hue_29d9cc79d4917b493fdf,circular_HSV_hue,30,180,entity_03,validation,paraphrase,heldout
hue_triplet_a8ded168d3ad01fbf53f,hue_1a58396cba81081b1e28,hue_7405d138c92876725f65,hue_1fad43737c0e4316e52e,circular_HSV_hue,30,180,entity_03,validation,paraphrase,heldout
hue_triplet_fe23076d411f84c3953e,hue_7405d138c92876725f65,hue_f4a3552377535639c76a,hue_d88d19c221b12e594f47,circular_HSV_hue,30,180,entity_03,validation,paraphrase,heldout
hue_triplet_ac422fdbf9e0f826a510,hue_f4a3552377535639c76a,hue_cf1f193d4504511a6604,hue_2029b2cf5ad3327e1191,circular_HSV_hue,30,180,entity_03,validation,paraphrase,heldout
hue_triplet_a1d6d18a4c2e15fabf23,hue_cf1f193d4504511a6604,hue_87ea844144e3b4da5665,hue_18e6ec8548cea985fb94,circular_HSV_hue,30,180,entity_03,validation,paraphrase,heldout
hue_triplet_a76cf0cde68cf996645b,hue_87ea844144e3b4da5665,hue_29d9cc79d4917b493fdf,hue_a100b8ab69781175efff,circular_HSV_hue,30,180,entity_03,validation,paraphrase,heldout
hue_triplet_3bb8cb8bee253e882cd0,hue_29d9cc79d4917b493fdf,hue_1fad43737c0e4316e52e,hue_8707fb6b60441b5ac48a,circular_HSV_hue,30,180,entity_03,validation,paraphrase,heldout
hue_triplet_d2d9eac16c0b25c82acb,hue_1fad43737c0e4316e52e,hue_d88d19c221b12e594f47,hue_1a58396cba81081b1e28,circular_HSV_hue,30,180,entity_03,validation,paraphrase,heldout
hue_triplet_35a808245517fcdd92a7,hue_1f276f5a695c08d69c72,hue_ef7e12e84a23d979dbba,hue_94becc826a6950ad3a4c,circular_HSV_hue,30,180,entity_03,validation,reordered,heldout
hue_triplet_501704fea95b3f6c5022,hue_ef7e12e84a23d979dbba,hue_12672e373cd807e14d1f,hue_c67e040e76b569003321,circular_HSV_hue,30,180,entity_03,validation,reordered,heldout
hue_triplet_fcd69a219001b81d3247,hue_12672e373cd807e14d1f,hue_92836034393eebbdbbe8,hue_cfc51f43b4e526e13189,circular_HSV_hue,30,180,entity_03,validation,reordered,heldout
hue_triplet_9358ca3384bdad531986,hue_92836034393eebbdbbe8,hue_d8abcfa6c53fd171cf44,hue_9e575e8fdb5647f23c70,circular_HSV_hue,30,180,entity_03,validation,reordered,heldout
hue_triplet_e20f42ba3e819809ce06,hue_d8abcfa6c53fd171cf44,hue_3978c2bf457474cebd95,hue_87024f107c9a6d620d2d,circular_HSV_hue,30,180,entity_03,validation,reordered,heldout
hue_triplet_f9850905287fa83e0414,hue_3978c2bf457474cebd95,hue_94becc826a6950ad3a4c,hue_ba251089001aa5fd19db,circular_HSV_hue,30,180,entity_03,validation,reordered,heldout
hue_triplet_0cae740ecebb2d8b8ee4,hue_94becc826a6950ad3a4c,hue_c67e040e76b569003321,hue_1f276f5a695c08d69c72,circular_HSV_hue,30,180,entity_03,validation,reordered,heldout
hue_triplet_dcc679e766e67fdf7347,hue_c67e040e76b569003321,hue_cfc51f43b4e526e13189,hue_ef7e12e84a23d979dbba,circular_HSV_hue,30,180,entity_03,validation,reordered,heldout
hue_triplet_67a36a75e1a1029e6148,hue_cfc51f43b4e526e13189,hue_9e575e8fdb5647f23c70,hue_12672e373cd807e14d1f,circular_HSV_hue,30,180,entity_03,validation,reordered,heldout
hue_triplet_8f10c00c9163ea64a2ad,hue_9e575e8fdb5647f23c70,hue_87024f107c9a6d620d2d,hue_92836034393eebbdbbe8,circular_HSV_hue,30,180,entity_03,validation,reordered,heldout
hue_triplet_979ba1dd0b367fa30f4b,hue_87024f107c9a6d620d2d,hue_ba251089001aa5fd19db,hue_d8abcfa6c53fd171cf44,circular_HSV_hue,30,180,entity_03,validation,reordered,heldout
hue_triplet_941d406da3d11bdb924a,hue_ba251089001aa5fd19db,hue_1f276f5a695c08d69c72,hue_3978c2bf457474cebd95,circular_HSV_hue,30,180,entity_03,validation,reordered,heldout
hue_triplet_b419d355120d6dd312d4,hue_60fa55c00c1d717641a5,hue_c04b19d6a5e9f26796df,hue_c0abf1901b23f01fa32f,circular_HSV_hue,30,180,entity_04,train,plain,train
hue_triplet_d367992c6bd46869f1b9,hue_c04b19d6a5e9f26796df,hue_c401fcd9f0f46f61bbd7,hue_e555837a741611ed0009,circular_HSV_hue,30,180,entity_04,train,plain,train
hue_triplet_52759609a0897564b4b1,hue_c401fcd9f0f46f61bbd7,hue_a7b91a55d7597dd5d224,hue_6412bf14e3ef527a6779,circular_HSV_hue,30,180,entity_04,train,plain,train
hue_triplet_2b8743a1062c2e642b76,hue_a7b91a55d7597dd5d224,hue_c9434bcd89f99417d68f,hue_3cc0709969c58b998db0,circular_HSV_hue,30,180,entity_04,train,plain,train
hue_triplet_976554fef5294d9efaec,hue_c9434bcd89f99417d68f,hue_f904294adb91036d5198,hue_130e8133af79c650caf6,circular_HSV_hue,30,180,entity_04,train,plain,train
hue_triplet_80bcf35ca4401df68f26,hue_f904294adb91036d5198,hue_c0abf1901b23f01fa32f,hue_7e5ed9f85f59b7f2f645,circular_HSV_hue,30,180,entity_04,train,plain,train
hue_triplet_9cb604ee6ca80295f144,hue_c0abf1901b23f01fa32f,hue_e555837a741611ed0009,hue_60fa55c00c1d717641a5,circular_HSV_hue,30,180,entity_04,train,plain,train
hue_triplet_378a40aabaa4e6780a2d,hue_e555837a741611ed0009,hue_6412bf14e3ef527a6779,hue_c04b19d6a5e9f26796df,circular_HSV_hue,30,180,entity_04,train,plain,train
hue_triplet_333921a0a2a82c107257,hue_6412bf14e3ef527a6779,hue_3cc0709969c58b998db0,hue_c401fcd9f0f46f61bbd7,circular_HSV_hue,30,180,entity_04,train,plain,train
hue_triplet_1cedb23cd1747103e213,hue_3cc0709969c58b998db0,hue_130e8133af79c650caf6,hue_a7b91a55d7597dd5d224,circular_HSV_hue,30,180,entity_04,train,plain,train
hue_triplet_f89e74efdfcd4a608237,hue_130e8133af79c650caf6,hue_7e5ed9f85f59b7f2f645,hue_c9434bcd89f99417d68f,circular_HSV_hue,30,180,entity_04,train,plain,train
hue_triplet_7c9884885bafffa180aa,hue_7e5ed9f85f59b7f2f645,hue_60fa55c00c1d717641a5,hue_f904294adb91036d5198,circular_HSV_hue,30,180,entity_04,train,plain,train
hue_triplet_7930ee56d12aaf545842,hue_c578cd475b08ee0f8efd,hue_8f4df8492dd3dbfff9de,hue_464deb0a0dabca9c7d29,circular_HSV_hue,30,180,entity_04,train,numeric,train
hue_triplet_2f3d5a11e45ec9032ce6,hue_8f4df8492dd3dbfff9de,hue_66f0834237e5a56ba5f5,hue_716785b20ecf50699b83,circular_HSV_hue,30,180,entity_04,train,numeric,train
hue_triplet_8a6148b9d2be74eb1d98,hue_66f0834237e5a56ba5f5,hue_3857e57c14ed680ea599,hue_2e0780dc9709b93f563b,circular_HSV_hue,30,180,entity_04,train,numeric,train
hue_triplet_aa7b099373e823c341b0,hue_3857e57c14ed680ea599,hue_80929d268125b9e310ca,hue_4fd224a4a2376fe6e20b,circular_HSV_hue,30,180,entity_04,train,numeric,train
hue_triplet_6815d82ec46add62b83e,hue_80929d268125b9e310ca,hue_ec6fdba5138cee5b9713,hue_0a264226829b0f1c617b,circular_HSV_hue,30,180,entity_04,train,numeric,train
hue_triplet_341d0ab86fa6d6a08581,hue_ec6fdba5138cee5b9713,hue_464deb0a0dabca9c7d29,hue_edd1c5e388b901646ba0,circular_HSV_hue,30,180,entity_04,train,numeric,train
hue_triplet_787266c8b53d1eb3ddb6,hue_464deb0a0dabca9c7d29,hue_716785b20ecf50699b83,hue_c578cd475b08ee0f8efd,circular_HSV_hue,30,180,entity_04,train,numeric,train
hue_triplet_5ce231bc35c956aae9bd,hue_716785b20ecf50699b83,hue_2e0780dc9709b93f563b,hue_8f4df8492dd3dbfff9de,circular_HSV_hue,30,180,entity_04,train,numeric,train
hue_triplet_a8707e453a87c32ce64a,hue_2e0780dc9709b93f563b,hue_4fd224a4a2376fe6e20b,hue_66f0834237e5a56ba5f5,circular_HSV_hue,30,180,entity_04,train,numeric,train
hue_triplet_d81521794999b2f27578,hue_4fd224a4a2376fe6e20b,hue_0a264226829b0f1c617b,hue_3857e57c14ed680ea599,circular_HSV_hue,30,180,entity_04,train,numeric,train
hue_triplet_af95c839e78181122d90,hue_0a264226829b0f1c617b,hue_edd1c5e388b901646ba0,hue_80929d268125b9e310ca,circular_HSV_hue,30,180,entity_04,train,numeric,train
hue_triplet_4fb1d44ceaa9abebc794,hue_edd1c5e388b901646ba0,hue_c578cd475b08ee0f8efd,hue_ec6fdba5138cee5b9713,circular_HSV_hue,30,180,entity_04,train,numeric,train
hue_triplet_47498dca2e2eaafe08a9,hue_bd4692520f5f6227610d,hue_5617bc49ed3e8c54dc81,hue_5740a1686ae556808843,circular_HSV_hue,30,180,entity_04,train,paraphrase,heldout
hue_triplet_c5c39ac6c3d8fa65f93d,hue_5617bc49ed3e8c54dc81,hue_a7ca55a3ee0465244cd3,hue_14ef2fe37f0276aeb36d,circular_HSV_hue,30,180,entity_04,train,paraphrase,heldout
hue_triplet_673e912afc7d72619a53,hue_a7ca55a3ee0465244cd3,hue_5c0845b8a59484132f3c,hue_be7bce2f1218ae2a8a3b,circular_HSV_hue,30,180,entity_04,train,paraphrase,heldout
hue_triplet_4a748ab6c34b8d694a8c,hue_5c0845b8a59484132f3c,hue_fb3d906e586eb025d892,hue_a08d6e5116f053dff4d4,circular_HSV_hue,30,180,entity_04,train,paraphrase,heldout
hue_triplet_bd28d164cf6604df6b5b,hue_fb3d906e586eb025d892,hue_c6c178164e190edb63bc,hue_b277636e9c63281a34ea,circular_HSV_hue,30,180,entity_04,train,paraphrase,heldout
hue_triplet_7d92cb918137d9f7516a,hue_c6c178164e190edb63bc,hue_5740a1686ae556808843,hue_fd648b4dd3008c7f09df,circular_HSV_hue,30,180,entity_04,train,paraphrase,heldout
hue_triplet_0b4452c0c04e5253a97f,hue_5740a1686ae556808843,hue_14ef2fe37f0276aeb36d,hue_bd4692520f5f6227610d,circular_HSV_hue,30,180,entity_04,train,paraphrase,heldout
hue_triplet_d6163e8db5e325632704,hue_14ef2fe37f0276aeb36d,hue_be7bce2f1218ae2a8a3b,hue_5617bc49ed3e8c54dc81,circular_HSV_hue,30,180,entity_04,train,paraphrase,heldout
hue_triplet_d3333fb8d410461056af,hue_be7bce2f1218ae2a8a3b,hue_a08d6e5116f053dff4d4,hue_a7ca55a3ee0465244cd3,circular_HSV_hue,30,180,entity_04,train,paraphrase,heldout
hue_triplet_8b77f0704c347de9b8a3,hue_a08d6e5116f053dff4d4,hue_b277636e9c63281a34ea,hue_5c0845b8a59484132f3c,circular_HSV_hue,30,180,entity_04,train,paraphrase,heldout
hue_triplet_0ee0a70082ee633919fe,hue_b277636e9c63281a34ea,hue_fd648b4dd3008c7f09df,hue_fb3d906e586eb025d892,circular_HSV_hue,30,180,entity_04,train,paraphrase,heldout
hue_triplet_a750300628e4e32f531e,hue_fd648b4dd3008c7f09df,hue_bd4692520f5f6227610d,hue_c6c178164e190edb63bc,circular_HSV_hue,30,180,entity_04,train,paraphrase,heldout
hue_triplet_ecbe47130efcc5acc170,hue_d4c49633fd9846378a36,hue_5e7b6613ade149e2b462,hue_b9f61e6fea0883c1cbba,circular_HSV_hue,30,180,entity_04,train,reordered,heldout
hue_triplet_88abb39834d46a0563ea,hue_5e7b6613ade149e2b462,hue_16776c7bf1797409f17a,hue_418c3d7da531170c6e67,circular_HSV_hue,30,180,entity_04,train,reordered,heldout
hue_triplet_ecdae659ad0154553840,hue_16776c7bf1797409f17a,hue_62d9362690781b3f0378,hue_896a2ecce633f7cc03df,circular_HSV_hue,30,180,entity_04,train,reordered,heldout
hue_triplet_5073151bd7595bac5393,hue_62d9362690781b3f0378,hue_c0ed2dd70205dce5ac88,hue_a2992efebbd4092102cf,circular_HSV_hue,30,180,entity_04,train,reordered,heldout
hue_triplet_51c72cba17579ff0db1b,hue_c0ed2dd70205dce5ac88,hue_8d2b6ed05b28a3f0e47e,hue_878984b34ace862bceb4,circular_HSV_hue,30,180,entity_04,train,reordered,heldout
hue_triplet_c51033a54483f141cd84,hue_8d2b6ed05b28a3f0e47e,hue_b9f61e6fea0883c1cbba,hue_1e1268cca4cdfc522761,circular_HSV_hue,30,180,entity_04,train,reordered,heldout
hue_triplet_e0f136a96b2db3f23f02,hue_b9f61e6fea0883c1cbba,hue_418c3d7da531170c6e67,hue_d4c49633fd9846378a36,circular_HSV_hue,30,180,entity_04,train,reordered,heldout
hue_triplet_c20dac33652d4ca47795,hue_418c3d7da531170c6e67,hue_896a2ecce633f7cc03df,hue_5e7b6613ade149e2b462,circular_HSV_hue,30,180,entity_04,train,reordered,heldout
hue_triplet_d04633eed881600959ec,hue_896a2ecce633f7cc03df,hue_a2992efebbd4092102cf,hue_16776c7bf1797409f17a,circular_HSV_hue,30,180,entity_04,train,reordered,heldout
hue_triplet_d48d98f16f032b329c2b,hue_a2992efebbd4092102cf,hue_878984b34ace862bceb4,hue_62d9362690781b3f0378,circular_HSV_hue,30,180,entity_04,train,reordered,heldout
hue_triplet_fe4a257ebfed1f592ff4,hue_878984b34ace862bceb4,hue_1e1268cca4cdfc522761,hue_c0ed2dd70205dce5ac88,circular_HSV_hue,30,180,entity_04,train,reordered,heldout
hue_triplet_0079792ed52ce769d153,hue_1e1268cca4cdfc522761,hue_d4c49633fd9846378a36,hue_8d2b6ed05b28a3f0e47e,circular_HSV_hue,30,180,entity_04,train,reordered,heldout
hue_triplet_e755a767294d969e7568,hue_dd5fc1d7551bc00d2ed5,hue_222a73113bb5ce5f8284,hue_4ab6cf8fda6250b79ab8,circular_HSV_hue,30,180,entity_05,validation,plain,train
hue_triplet_f71f72d1e9b222a84aa2,hue_222a73113bb5ce5f8284,hue_7399f8d869d7bfc33e3e,hue_798e7c6935a866f60308,circular_HSV_hue,30,180,entity_05,validation,plain,train
hue_triplet_603da50dfac51d256bef,hue_7399f8d869d7bfc33e3e,hue_f59294fd271491168983,hue_a3279885e5c7f4c51b39,circular_HSV_hue,30,180,entity_05,validation,plain,train
hue_triplet_32b3e3416135aa0c6451,hue_f59294fd271491168983,hue_0bf1e6511358db3e736c,hue_5db9467abad28028bcdb,circular_HSV_hue,30,180,entity_05,validation,plain,train
hue_triplet_607532fe99acce940ba4,hue_0bf1e6511358db3e736c,hue_37aa528dfc258f759159,hue_f0cda526a95a6a048cb0,circular_HSV_hue,30,180,entity_05,validation,plain,train
hue_triplet_320818ef24c7ed6def8f,hue_37aa528dfc258f759159,hue_4ab6cf8fda6250b79ab8,hue_89115db9db83afa70dad,circular_HSV_hue,30,180,entity_05,validation,plain,train
hue_triplet_b21412c801298da8579a,hue_4ab6cf8fda6250b79ab8,hue_798e7c6935a866f60308,hue_dd5fc1d7551bc00d2ed5,circular_HSV_hue,30,180,entity_05,validation,plain,train
hue_triplet_b2028e4d40d30794ba87,hue_798e7c6935a866f60308,hue_a3279885e5c7f4c51b39,hue_222a73113bb5ce5f8284,circular_HSV_hue,30,180,entity_05,validation,plain,train
hue_triplet_940d3399e8fbad8662a9,hue_a3279885e5c7f4c51b39,hue_5db9467abad28028bcdb,hue_7399f8d869d7bfc33e3e,circular_HSV_hue,30,180,entity_05,validation,plain,train
hue_triplet_11aa6aa32982f30e4c2a,hue_5db9467abad28028bcdb,hue_f0cda526a95a6a048cb0,hue_f59294fd271491168983,circular_HSV_hue,30,180,entity_05,validation,plain,train
hue_triplet_11e0e0cd5babeb69e859,hue_f0cda526a95a6a048cb0,hue_89115db9db83afa70dad,hue_0bf1e6511358db3e736c,circular_HSV_hue,30,180,entity_05,validation,plain,train
hue_triplet_4a1f9d83b54e14264f03,hue_89115db9db83afa70dad,hue_dd5fc1d7551bc00d2ed5,hue_37aa528dfc258f759159,circular_HSV_hue,30,180,entity_05,validation,plain,train
hue_triplet_fd52d0ec918066b9921d,hue_73bcbbfbb09abb365861,hue_2a2ceb110a820eb3e6bf,hue_4a339a8e77b2a297c7c5,circular_HSV_hue,30,180,entity_05,validation,numeric,train
hue_triplet_7548594ab0f3f69fdbde,hue_2a2ceb110a820eb3e6bf,hue_c08381b18417f611b746,hue_e185f53f5f1dcc2d3cea,circular_HSV_hue,30,180,entity_05,validation,numeric,train
hue_triplet_39468d1b7cce04880ab0,hue_c08381b18417f611b746,hue_5574bef11d4d7362b103,hue_c9100a3bce9f9caa1446,circular_HSV_hue,30,180,entity_05,validation,numeric,train
hue_triplet_aa842d661c0cfb181e8b,hue_5574bef11d4d7362b103,hue_8ca8f86c961df23a265e,hue_a3ff8414f4731a145e3e,circular_HSV_hue,30,180,entity_05,validation,numeric,train
hue_triplet_d362d1227c6e804c3a1e,hue_8ca8f86c961df23a265e,hue_db7dfc306237bb8a17d9,hue_4137aa92ba6cdc3382a1,circular_HSV_hue,30,180,entity_05,validation,numeric,train
hue_triplet_518592402a15c148500e,hue_db7dfc306237bb8a17d9,hue_4a339a8e77b2a297c7c5,hue_ea8f6673687198faf061,circular_HSV_hue,30,180,entity_05,validation,numeric,train
hue_triplet_2ab50c772158b855dd17,hue_4a339a8e77b2a297c7c5,hue_e185f53f5f1dcc2d3cea,hue_73bcbbfbb09abb365861,circular_HSV_hue,30,180,entity_05,validation,numeric,train
hue_triplet_374a35c8149d2129181c,hue_e185f53f5f1dcc2d3cea,hue_c9100a3bce9f9caa1446,hue_2a2ceb110a820eb3e6bf,circular_HSV_hue,30,180,entity_05,validation,numeric,train
hue_triplet_a0c67435934bbda35771,hue_c9100a3bce9f9caa1446,hue_a3ff8414f4731a145e3e,hue_c08381b18417f611b746,circular_HSV_hue,30,180,entity_05,validation,numeric,train
hue_triplet_255839e71c81c8b7c22c,hue_a3ff8414f4731a145e3e,hue_4137aa92ba6cdc3382a1,hue_5574bef11d4d7362b103,circular_HSV_hue,30,180,entity_05,validation,numeric,train
hue_triplet_577933c78adc40b1ea51,hue_4137aa92ba6cdc3382a1,hue_ea8f6673687198faf061,hue_8ca8f86c961df23a265e,circular_HSV_hue,30,180,entity_05,validation,numeric,train
hue_triplet_85a4f039ae1437ff05e3,hue_ea8f6673687198faf061,hue_73bcbbfbb09abb365861,hue_db7dfc306237bb8a17d9,circular_HSV_hue,30,180,entity_05,validation,numeric,train
hue_triplet_d63aba409f76979641ec,hue_2c0a92bda25166165f2e,hue_f48ee400d818cca184b2,hue_6c7cb9863df64f3cc6c6,circular_HSV_hue,30,180,entity_05,validation,paraphrase,heldout
hue_triplet_6b681af42449635218dc,hue_f48ee400d818cca184b2,hue_0dbd3de965816a50cc00,hue_58b300160e8ae33d0aa5,circular_HSV_hue,30,180,entity_05,validation,paraphrase,heldout
hue_triplet_0a0dd50c1e74999dc787,hue_0dbd3de965816a50cc00,hue_adef564dad2ce638efb2,hue_87ac7799d5ca2526789b,circular_HSV_hue,30,180,entity_05,validation,paraphrase,heldout
hue_triplet_e24cb044d7231ff452a8,hue_adef564dad2ce638efb2,hue_449deafeb98b017e3dee,hue_e923400a2eb836a2f55e,circular_HSV_hue,30,180,entity_05,validation,paraphrase,heldout
hue_triplet_df9a7f0b046536eea498,hue_449deafeb98b017e3dee,hue_312ae4625fefe8d4049e,hue_028be0e659ff82782df2,circular_HSV_hue,30,180,entity_05,validation,paraphrase,heldout
hue_triplet_0f07dcb8acc2ab1120fc,hue_312ae4625fefe8d4049e,hue_6c7cb9863df64f3cc6c6,hue_28dd2c6fd4e0694d2661,circular_HSV_hue,30,180,entity_05,validation,paraphrase,heldout
hue_triplet_de2ddaa95afcc8c67ac7,hue_6c7cb9863df64f3cc6c6,hue_58b300160e8ae33d0aa5,hue_2c0a92bda25166165f2e,circular_HSV_hue,30,180,entity_05,validation,paraphrase,heldout
hue_triplet_017d2c88f8b778b36f38,hue_58b300160e8ae33d0aa5,hue_87ac7799d5ca2526789b,hue_f48ee400d818cca184b2,circular_HSV_hue,30,180,entity_05,validation,paraphrase,heldout
hue_triplet_2b6c7207b9a322a619ec,hue_87ac7799d5ca2526789b,hue_e923400a2eb836a2f55e,hue_0dbd3de965816a50cc00,circular_HSV_hue,30,180,entity_05,validation,paraphrase,heldout
hue_triplet_28eedab36a2ec1f14306,hue_e923400a2eb836a2f55e,hue_028be0e659ff82782df2,hue_adef564dad2ce638efb2,circular_HSV_hue,30,180,entity_05,validation,paraphrase,heldout
hue_triplet_dcb998f397fc278297d4,hue_028be0e659ff82782df2,hue_28dd2c6fd4e0694d2661,hue_449deafeb98b017e3dee,circular_HSV_hue,30,180,entity_05,validation,paraphrase,heldout
hue_triplet_f22baba3a2aa2b982100,hue_28dd2c6fd4e0694d2661,hue_2c0a92bda25166165f2e,hue_312ae4625fefe8d4049e,circular_HSV_hue,30,180,entity_05,validation,paraphrase,heldout
hue_triplet_58971d17150f2f674f69,hue_357a1dbf409544a852c5,hue_5a296f6edeb316e4f6d3,hue_dd9ca7d80fc069d66dbb,circular_HSV_hue,30,180,entity_05,validation,reordered,heldout
hue_triplet_3c12a0104c382cb34fa8,hue_5a296f6edeb316e4f6d3,hue_9c80f099d56a0761586e,hue_4b4405cf0c0c119dbc67,circular_HSV_hue,30,180,entity_05,validation,reordered,heldout
hue_triplet_a9645396856ebbfba39b,hue_9c80f099d56a0761586e,hue_64ce4be9712fee5eae26,hue_8aece414f788274e55de,circular_HSV_hue,30,180,entity_05,validation,reordered,heldout
hue_triplet_4428c1e1926f4617afcd,hue_64ce4be9712fee5eae26,hue_d444b56eea8aaafc5f20,hue_e85f09c57705819f04fc,circular_HSV_hue,30,180,entity_05,validation,reordered,heldout
hue_triplet_912e99be8a4ac4dc2330,hue_d444b56eea8aaafc5f20,hue_353f49fb8028b1611f55,hue_b49b9f41b2aefc34f390,circular_HSV_hue,30,180,entity_05,validation,reordered,heldout
hue_triplet_7ed6dcc2a93029cd6d4f,hue_353f49fb8028b1611f55,hue_dd9ca7d80fc069d66dbb,hue_ceef9b70e0c9bb73a315,circular_HSV_hue,30,180,entity_05,validation,reordered,heldout
hue_triplet_5cc87180c9aa39bcdea6,hue_dd9ca7d80fc069d66dbb,hue_4b4405cf0c0c119dbc67,hue_357a1dbf409544a852c5,circular_HSV_hue,30,180,entity_05,validation,reordered,heldout
hue_triplet_cbeb784aafd082e865b2,hue_4b4405cf0c0c119dbc67,hue_8aece414f788274e55de,hue_5a296f6edeb316e4f6d3,circular_HSV_hue,30,180,entity_05,validation,reordered,heldout
hue_triplet_1aa2d4fe84260536c03f,hue_8aece414f788274e55de,hue_e85f09c57705819f04fc,hue_9c80f099d56a0761586e,circular_HSV_hue,30,180,entity_05,validation,reordered,heldout
hue_triplet_dc9a4ee11b91887882c9,hue_e85f09c57705819f04fc,hue_b49b9f41b2aefc34f390,hue_64ce4be9712fee5eae26,circular_HSV_hue,30,180,entity_05,validation,reordered,heldout
hue_triplet_bbc0c51ba1984ac601e4,hue_b49b9f41b2aefc34f390,hue_ceef9b70e0c9bb73a315,hue_d444b56eea8aaafc5f20,circular_HSV_hue,30,180,entity_05,validation,reordered,heldout
hue_triplet_b15f2562544b959514eb,hue_ceef9b70e0c9bb73a315,hue_357a1dbf409544a852c5,hue_353f49fb8028b1611f55,circular_HSV_hue,30,180,entity_05,validation,reordered,heldout
hue_triplet_5c141bc7c7fe0e62449e,hue_19258a95f52a9a84b9ae,hue_76bc643b1a3b5e6d098d,hue_09c9d69705dd5c49c2d5,circular_HSV_hue,30,180,entity_06,test,plain,train
hue_triplet_6904aacb018aa42a07f2,hue_76bc643b1a3b5e6d098d,hue_c6367226ca00c181b2b4,hue_fa8789e48951328c975e,circular_HSV_hue,30,180,entity_06,test,plain,train
hue_triplet_b52abf262f0a48028640,hue_c6367226ca00c181b2b4,hue_afd2fed73bac11c6b8b1,hue_b33887fc7c915fc7396d,circular_HSV_hue,30,180,entity_06,test,plain,train
hue_triplet_f068145a96ee63fe7abe,hue_afd2fed73bac11c6b8b1,hue_af230ad3e756e699eba6,hue_61dd9c25fc798b9e72db,circular_HSV_hue,30,180,entity_06,test,plain,train
hue_triplet_66ae71e9e513cf31bd0c,hue_af230ad3e756e699eba6,hue_fc8470056d0e6cd01f49,hue_04fe7fd0697641c02fe7,circular_HSV_hue,30,180,entity_06,test,plain,train
hue_triplet_ac0367cd5c3c5df569f0,hue_fc8470056d0e6cd01f49,hue_09c9d69705dd5c49c2d5,hue_8a3d64de4d597dbe635f,circular_HSV_hue,30,180,entity_06,test,plain,train
hue_triplet_6a79ec6736691a44fa38,hue_09c9d69705dd5c49c2d5,hue_fa8789e48951328c975e,hue_19258a95f52a9a84b9ae,circular_HSV_hue,30,180,entity_06,test,plain,train
hue_triplet_6cb15d908766a7c3544b,hue_fa8789e48951328c975e,hue_b33887fc7c915fc7396d,hue_76bc643b1a3b5e6d098d,circular_HSV_hue,30,180,entity_06,test,plain,train
hue_triplet_526bd1b014fc838e563f,hue_b33887fc7c915fc7396d,hue_61dd9c25fc798b9e72db,hue_c6367226ca00c181b2b4,circular_HSV_hue,30,180,entity_06,test,plain,train
hue_triplet_019dd7b7e828620f81f5,hue_61dd9c25fc798b9e72db,hue_04fe7fd0697641c02fe7,hue_afd2fed73bac11c6b8b1,circular_HSV_hue,30,180,entity_06,test,plain,train
hue_triplet_7c0573ef21e61343a5ba,hue_04fe7fd0697641c02fe7,hue_8a3d64de4d597dbe635f,hue_af230ad3e756e699eba6,circular_HSV_hue,30,180,entity_06,test,plain,train
hue_triplet_d582eb6d0b09080e7bb1,hue_8a3d64de4d597dbe635f,hue_19258a95f52a9a84b9ae,hue_fc8470056d0e6cd01f49,circular_HSV_hue,30,180,entity_06,test,plain,train
hue_triplet_8acdea444955e3533a73,hue_6ee689dc018418c3483e,hue_bdf4c189421288a8aa18,hue_7d760e3701eed58645e3,circular_HSV_hue,30,180,entity_06,test,numeric,train
hue_triplet_27af95d7a6a9ee1e8022,hue_bdf4c189421288a8aa18,hue_7d5a89e39a54fd72412b,hue_ca7eba48a22fbff3002c,circular_HSV_hue,30,180,entity_06,test,numeric,train
hue_triplet_ea857d43a49ee93984b7,hue_7d5a89e39a54fd72412b,hue_17ec5d77495e221ae044,hue_c05433dcf8ecf88c620b,circular_HSV_hue,30,180,entity_06,test,numeric,train
hue_triplet_0d4cdab5ffedbd836fda,hue_17ec5d77495e221ae044,hue_2c9dd6dcc8e1e2dfcb5b,hue_bfb1ff4b49b616f672aa,circular_HSV_hue,30,180,entity_06,test,numeric,train
hue_triplet_504b3b6898d510ac57a6,hue_2c9dd6dcc8e1e2dfcb5b,hue_a039df16f32098fdfcde,hue_e6ca9174ed0b0bafa7a6,circular_HSV_hue,30,180,entity_06,test,numeric,train
hue_triplet_cd48120a4a32802385d4,hue_a039df16f32098fdfcde,hue_7d760e3701eed58645e3,hue_065ebc441712267af308,circular_HSV_hue,30,180,entity_06,test,numeric,train
hue_triplet_5d5864aea3eb498e37f2,hue_7d760e3701eed58645e3,hue_ca7eba48a22fbff3002c,hue_6ee689dc018418c3483e,circular_HSV_hue,30,180,entity_06,test,numeric,train
hue_triplet_7240a3386330af26dea3,hue_ca7eba48a22fbff3002c,hue_c05433dcf8ecf88c620b,hue_bdf4c189421288a8aa18,circular_HSV_hue,30,180,entity_06,test,numeric,train
hue_triplet_14a82015d897c52dc575,hue_c05433dcf8ecf88c620b,hue_bfb1ff4b49b616f672aa,hue_7d5a89e39a54fd72412b,circular_HSV_hue,30,180,entity_06,test,numeric,train
hue_triplet_cf4ac5ffd6c8eac4677c,hue_bfb1ff4b49b616f672aa,hue_e6ca9174ed0b0bafa7a6,hue_17ec5d77495e221ae044,circular_HSV_hue,30,180,entity_06,test,numeric,train
hue_triplet_0ec1c8e4d0892d94b819,hue_e6ca9174ed0b0bafa7a6,hue_065ebc441712267af308,hue_2c9dd6dcc8e1e2dfcb5b,circular_HSV_hue,30,180,entity_06,test,numeric,train
hue_triplet_606e84a6cb26d431ad2d,hue_065ebc441712267af308,hue_6ee689dc018418c3483e,hue_a039df16f32098fdfcde,circular_HSV_hue,30,180,entity_06,test,numeric,train
hue_triplet_33445db37c1acf0f2056,hue_4e5894b95b026248b91e,hue_618c3ee770781ab13ac0,hue_7bc73436eb1bf297640c,circular_HSV_hue,30,180,entity_06,test,paraphrase,heldout
hue_triplet_9f2792c41e60f0088e73,hue_618c3ee770781ab13ac0,hue_cd28ba56c01871ec5b4b,hue_c09d3e85bace9c8a25cc,circular_HSV_hue,30,180,entity_06,test,paraphrase,heldout
hue_triplet_94d96591b9861ef50181,hue_cd28ba56c01871ec5b4b,hue_2283ee1da526221b2b3e,hue_b9239805e09b5fb3857c,circular_HSV_hue,30,180,entity_06,test,paraphrase,heldout
hue_triplet_31a9d02235560cdf3c8c,hue_2283ee1da526221b2b3e,hue_dac5ba18dc6d0defd042,hue_b50797a6c2e8866e0190,circular_HSV_hue,30,180,entity_06,test,paraphrase,heldout
hue_triplet_10cbd7897e7c8c1b05b4,hue_dac5ba18dc6d0defd042,hue_50f7d9de944d62b22326,hue_6f325c82b6d0c350961c,circular_HSV_hue,30,180,entity_06,test,paraphrase,heldout
hue_triplet_4b523d5d498cad597d0b,hue_50f7d9de944d62b22326,hue_7bc73436eb1bf297640c,hue_ec3e4a92352acd6854bb,circular_HSV_hue,30,180,entity_06,test,paraphrase,heldout
hue_triplet_bd8969e5dc22f917631d,hue_7bc73436eb1bf297640c,hue_c09d3e85bace9c8a25cc,hue_4e5894b95b026248b91e,circular_HSV_hue,30,180,entity_06,test,paraphrase,heldout
hue_triplet_b5149844e0be80f037ee,hue_c09d3e85bace9c8a25cc,hue_b9239805e09b5fb3857c,hue_618c3ee770781ab13ac0,circular_HSV_hue,30,180,entity_06,test,paraphrase,heldout
hue_triplet_25d973b738ecc8032f37,hue_b9239805e09b5fb3857c,hue_b50797a6c2e8866e0190,hue_cd28ba56c01871ec5b4b,circular_HSV_hue,30,180,entity_06,test,paraphrase,heldout
hue_triplet_8065806a3de972635b82,hue_b50797a6c2e8866e0190,hue_6f325c82b6d0c350961c,hue_2283ee1da526221b2b3e,circular_HSV_hue,30,180,entity_06,test,paraphrase,heldout
hue_triplet_5bd894c34cc0a67edfaf,hue_6f325c82b6d0c350961c,hue_ec3e4a92352acd6854bb,hue_dac5ba18dc6d0defd042,circular_HSV_hue,30,180,entity_06,test,paraphrase,heldout
hue_triplet_2f9d431bd6489043a3d5,hue_ec3e4a92352acd6854bb,hue_4e5894b95b026248b91e,hue_50f7d9de944d62b22326,circular_HSV_hue,30,180,entity_06,test,paraphrase,heldout
hue_triplet_b9033d7e6e23f81b69d1,hue_38951fbffaf90df937ee,hue_d4fd29c083d016467e69,hue_d05ecf40d592aef83dc8,circular_HSV_hue,30,180,entity_06,test,reordered,heldout
hue_triplet_27511c62a85c61a506e4,hue_d4fd29c083d016467e69,hue_6cdf90d11fda8010be97,hue_410256d3cbff3f8e8df1,circular_HSV_hue,30,180,entity_06,test,reordered,heldout
hue_triplet_9b6b8b911c033fb675be,hue_6cdf90d11fda8010be97,hue_ed5a6754b557082adfa2,hue_5889e9e93af5d64311a4,circular_HSV_hue,30,180,entity_06,test,reordered,heldout
hue_triplet_5522a24541d460b2d629,hue_ed5a6754b557082adfa2,hue_dc4bf0fb00e8606ebd1a,hue_a9574460be596c160784,circular_HSV_hue,30,180,entity_06,test,reordered,heldout
hue_triplet_855fb4fd50f9b1419edd,hue_dc4bf0fb00e8606ebd1a,hue_c4ddefb4f2d3a57cb4e5,hue_6d17c08e00e48c414e7e,circular_HSV_hue,30,180,entity_06,test,reordered,heldout
hue_triplet_d539f7183f1cac1e925f,hue_c4ddefb4f2d3a57cb4e5,hue_d05ecf40d592aef83dc8,hue_c4ff3b18c0cfa42ae289,circular_HSV_hue,30,180,entity_06,test,reordered,heldout
hue_triplet_06ff3537d8de78194e06,hue_d05ecf40d592aef83dc8,hue_410256d3cbff3f8e8df1,hue_38951fbffaf90df937ee,circular_HSV_hue,30,180,entity_06,test,reordered,heldout
hue_triplet_11ce847c59c8001115ab,hue_410256d3cbff3f8e8df1,hue_5889e9e93af5d64311a4,hue_d4fd29c083d016467e69,circular_HSV_hue,30,180,entity_06,test,reordered,heldout
hue_triplet_dfcd76b80dfc47d61f33,hue_5889e9e93af5d64311a4,hue_a9574460be596c160784,hue_6cdf90d11fda8010be97,circular_HSV_hue,30,180,entity_06,test,reordered,heldout
hue_triplet_f751efb62897987ead54,hue_a9574460be596c160784,hue_6d17c08e00e48c414e7e,hue_ed5a6754b557082adfa2,circular_HSV_hue,30,180,entity_06,test,reordered,heldout
hue_triplet_a8c3c8cd5d14e47d4a2b,hue_6d17c08e00e48c414e7e,hue_c4ff3b18c0cfa42ae289,hue_dc4bf0fb00e8606ebd1a,circular_HSV_hue,30,180,entity_06,test,reordered,heldout
hue_triplet_2d384ee9bab13b34ac37,hue_c4ff3b18c0cfa42ae289,hue_38951fbffaf90df937ee,hue_c4ddefb4f2d3a57cb4e5,circular_HSV_hue,30,180,entity_06,test,reordered,heldout
hue_triplet_ba5d391f521c10e13e8a,hue_d87fac7730222839222e,hue_667f184f9c9bbb8240f1,hue_4af40bf1b9b883551ef0,circular_HSV_hue,30,180,entity_07,validation,plain,train
hue_triplet_951213c60ee4e6685bd0,hue_667f184f9c9bbb8240f1,hue_e6ec13025f8a802b914b,hue_3ba11549fffeb04dc626,circular_HSV_hue,30,180,entity_07,validation,plain,train
hue_triplet_c94ab1ceae929ef25e4c,hue_e6ec13025f8a802b914b,hue_2ed941ecac84b3fda351,hue_07463fec19372ea28ccc,circular_HSV_hue,30,180,entity_07,validation,plain,train
hue_triplet_7bf3d4cc05224025b1fa,hue_2ed941ecac84b3fda351,hue_5ada7b2fc354afd23707,hue_f52aac963d668d4107dc,circular_HSV_hue,30,180,entity_07,validation,plain,train
hue_triplet_3a68c29816bd92cf99aa,hue_5ada7b2fc354afd23707,hue_1001a277f32656172683,hue_e79c1fd0f8d529e6c8aa,circular_HSV_hue,30,180,entity_07,validation,plain,train
hue_triplet_0c927bb0bd5e994b5d08,hue_1001a277f32656172683,hue_4af40bf1b9b883551ef0,hue_d9f1f60ab5f8aa686089,circular_HSV_hue,30,180,entity_07,validation,plain,train
hue_triplet_94952a812779088a875b,hue_4af40bf1b9b883551ef0,hue_3ba11549fffeb04dc626,hue_d87fac7730222839222e,circular_HSV_hue,30,180,entity_07,validation,plain,train
hue_triplet_c38334a420dab7e3044b,hue_3ba11549fffeb04dc626,hue_07463fec19372ea28ccc,hue_667f184f9c9bbb8240f1,circular_HSV_hue,30,180,entity_07,validation,plain,train
hue_triplet_2fa220ec8bf6c7d42e9f,hue_07463fec19372ea28ccc,hue_f52aac963d668d4107dc,hue_e6ec13025f8a802b914b,circular_HSV_hue,30,180,entity_07,validation,plain,train
hue_triplet_ee8c3d32606f66b1d212,hue_f52aac963d668d4107dc,hue_e79c1fd0f8d529e6c8aa,hue_2ed941ecac84b3fda351,circular_HSV_hue,30,180,entity_07,validation,plain,train
hue_triplet_67441f971062e2c90f7f,hue_e79c1fd0f8d529e6c8aa,hue_d9f1f60ab5f8aa686089,hue_5ada7b2fc354afd23707,circular_HSV_hue,30,180,entity_07,validation,plain,train
hue_triplet_35061488cb3b6013a628,hue_d9f1f60ab5f8aa686089,hue_d87fac7730222839222e,hue_1001a277f32656172683,circular_HSV_hue,30,180,entity_07,validation,plain,train
hue_triplet_0ce8b5ae8ceb74a4abbb,hue_e9f6182c66a2b0b3b080,hue_1123f7a58bfaabf28eda,hue_42803fecc243b4a05460,circular_HSV_hue,30,180,entity_07,validation,numeric,train
hue_triplet_c03a5eefb05a984e4084,hue_1123f7a58bfaabf28eda,hue_83543e882e8c9e89d6ec,hue_877fa7ed65a839ac03ae,circular_HSV_hue,30,180,entity_07,validation,numeric,train
hue_triplet_af7e10a0c15283325181,hue_83543e882e8c9e89d6ec,hue_dc4619172d551e313eaa,hue_976714fa99ec230cc739,circular_HSV_hue,30,180,entity_07,validation,numeric,train
hue_triplet_230145c011dc325c880c,hue_dc4619172d551e313eaa,hue_f26efefc8a556170784a,hue_534dc7b5a4abe8612312,circular_HSV_hue,30,180,entity_07,validation,numeric,train
hue_triplet_29c420b81394ac235e06,hue_f26efefc8a556170784a,hue_9b014786eba3d04fc56b,hue_8ff0acaa86cdb1075066,circular_HSV_hue,30,180,entity_07,validation,numeric,train
hue_triplet_ef3c25f4166493303d9e,hue_9b014786eba3d04fc56b,hue_42803fecc243b4a05460,hue_d4ee82464bb3d49e65e5,circular_HSV_hue,30,180,entity_07,validation,numeric,train
hue_triplet_8c2f60d972338271f8fe,hue_42803fecc243b4a05460,hue_877fa7ed65a839ac03ae,hue_e9f6182c66a2b0b3b080,circular_HSV_hue,30,180,entity_07,validation,numeric,train
hue_triplet_65b7da070f7215c551d7,hue_877fa7ed65a839ac03ae,hue_976714fa99ec230cc739,hue_1123f7a58bfaabf28eda,circular_HSV_hue,30,180,entity_07,validation,numeric,train
hue_triplet_c6ed1ccccaf2faeff84a,hue_976714fa99ec230cc739,hue_534dc7b5a4abe8612312,hue_83543e882e8c9e89d6ec,circular_HSV_hue,30,180,entity_07,validation,numeric,train
hue_triplet_a7d99c2b3ab079c69e22,hue_534dc7b5a4abe8612312,hue_8ff0acaa86cdb1075066,hue_dc4619172d551e313eaa,circular_HSV_hue,30,180,entity_07,validation,numeric,train
hue_triplet_7ad371c81437e1fb6ef8,hue_8ff0acaa86cdb1075066,hue_d4ee82464bb3d49e65e5,hue_f26efefc8a556170784a,circular_HSV_hue,30,180,entity_07,validation,numeric,train
hue_triplet_710b514b20cad2fedf87,hue_d4ee82464bb3d49e65e5,hue_e9f6182c66a2b0b3b080,hue_9b014786eba3d04fc56b,circular_HSV_hue,30,180,entity_07,validation,numeric,train
hue_triplet_26419a0dbc84e577e1b5,hue_a538df31729c7e02be5e,hue_d31c902c0d308f740878,hue_c74faf082a0812143af2,circular_HSV_hue,30,180,entity_07,validation,paraphrase,heldout
hue_triplet_d077fae3c9e23130f57b,hue_d31c902c0d308f740878,hue_49c596e2558d5ba0a27f,hue_dd6e00230b72bb29d68e,circular_HSV_hue,30,180,entity_07,validation,paraphrase,heldout
hue_triplet_674673be65972614d015,hue_49c596e2558d5ba0a27f,hue_215918bd3d8e082fbdaa,hue_866ba2209c2faa55a93f,circular_HSV_hue,30,180,entity_07,validation,paraphrase,heldout
hue_triplet_1057c88757a79016889b,hue_215918bd3d8e082fbdaa,hue_71cec953c616ab834b96,hue_319535070ebff34adfe9,circular_HSV_hue,30,180,entity_07,validation,paraphrase,heldout
hue_triplet_6008acfe8c3abe5a8d31,hue_71cec953c616ab834b96,hue_9c88ece2e3358726d820,hue_f338fcc3848b0622c186,circular_HSV_hue,30,180,entity_07,validation,paraphrase,heldout
hue_triplet_24db461e58a13c2a0ada,hue_9c88ece2e3358726d820,hue_c74faf082a0812143af2,hue_ac15283b7d58b12fcdae,circular_HSV_hue,30,180,entity_07,validation,paraphrase,heldout
hue_triplet_9e1b0cd5c5e30a08703b,hue_c74faf082a0812143af2,hue_dd6e00230b72bb29d68e,hue_a538df31729c7e02be5e,circular_HSV_hue,30,180,entity_07,validation,paraphrase,heldout
hue_triplet_af5107988cd60dc256fc,hue_dd6e00230b72bb29d68e,hue_866ba2209c2faa55a93f,hue_d31c902c0d308f740878,circular_HSV_hue,30,180,entity_07,validation,paraphrase,heldout
hue_triplet_afa532486dfe5e74bcb1,hue_866ba2209c2faa55a93f,hue_319535070ebff34adfe9,hue_49c596e2558d5ba0a27f,circular_HSV_hue,30,180,entity_07,validation,paraphrase,heldout
hue_triplet_b643c1fd44fb34dd4538,hue_319535070ebff34adfe9,hue_f338fcc3848b0622c186,hue_215918bd3d8e082fbdaa,circular_HSV_hue,30,180,entity_07,validation,paraphrase,heldout
hue_triplet_90633f496abb9caabe08,hue_f338fcc3848b0622c186,hue_ac15283b7d58b12fcdae,hue_71cec953c616ab834b96,circular_HSV_hue,30,180,entity_07,validation,paraphrase,heldout
hue_triplet_b5dd5b85b2a437e10c04,hue_ac15283b7d58b12fcdae,hue_a538df31729c7e02be5e,hue_9c88ece2e3358726d820,circular_HSV_hue,30,180,entity_07,validation,paraphrase,heldout
hue_triplet_2c4545cb5baed40a08eb,hue_02ba5903ab44ea81094a,hue_451a03edb21ac25f0495,hue_d116c3cd0e389be411f1,circular_HSV_hue,30,180,entity_07,validation,reordered,heldout
hue_triplet_dfd65d20390a3802576e,hue_451a03edb21ac25f0495,hue_fa8414a76d17f351effa,hue_81891413ba28f2c6a61f,circular_HSV_hue,30,180,entity_07,validation,reordered,heldout
hue_triplet_cad4833c3275b43edafe,hue_fa8414a76d17f351effa,hue_3380052188961e8faee0,hue_a27a3d0859ba154257f4,circular_HSV_hue,30,180,entity_07,validation,reordered,heldout
hue_triplet_8d318ed9348f9b2c70dd,hue_3380052188961e8faee0,hue_039ced4477fd0717d137,hue_9c585df0a522f0ef89c9,circular_HSV_hue,30,180,entity_07,validation,reordered,heldout
hue_triplet_34e25c6d250ad7f8c799,hue_039ced4477fd0717d137,hue_3692592aa0a941a7af31,hue_14aea8fbd1ec34e7e172,circular_HSV_hue,30,180,entity_07,validation,reordered,heldout
hue_triplet_f1b6a37cf2f14b9e337b,hue_3692592aa0a941a7af31,hue_d116c3cd0e389be411f1,hue_be06423b8e662ee20499,circular_HSV_hue,30,180,entity_07,validation,reordered,heldout
hue_triplet_ef7ee98108da42a34a98,hue_d116c3cd0e389be411f1,hue_81891413ba28f2c6a61f,hue_02ba5903ab44ea81094a,circular_HSV_hue,30,180,entity_07,validation,reordered,heldout
hue_triplet_76b1da5c5542fd431544,hue_81891413ba28f2c6a61f,hue_a27a3d0859ba154257f4,hue_451a03edb21ac25f0495,circular_HSV_hue,30,180,entity_07,validation,reordered,heldout
hue_triplet_de27ba616d86d637b9f1,hue_a27a3d0859ba154257f4,hue_9c585df0a522f0ef89c9,hue_fa8414a76d17f351effa,circular_HSV_hue,30,180,entity_07,validation,reordered,heldout
hue_triplet_361b03e9b808f1789875,hue_9c585df0a522f0ef89c9,hue_14aea8fbd1ec34e7e172,hue_3380052188961e8faee0,circular_HSV_hue,30,180,entity_07,validation,reordered,heldout
hue_triplet_33ed945c89881c65db0b,hue_14aea8fbd1ec34e7e172,hue_be06423b8e662ee20499,hue_039ced4477fd0717d137,circular_HSV_hue,30,180,entity_07,validation,reordered,heldout
hue_triplet_a3d6b625d280ed1f7cce,hue_be06423b8e662ee20499,hue_02ba5903ab44ea81094a,hue_3692592aa0a941a7af31,circular_HSV_hue,30,180,entity_07,validation,reordered,heldout
hue_triplet_cd785b3a4e23ecfc6fd6,hue_1c746025bb3b358922ca,hue_8de3a2ddbe91d74ca9a0,hue_e6da39efd2c6b0a95585,circular_HSV_hue,30,180,entity_08,test,plain,train
hue_triplet_ed49ca5e4856d5642b5a,hue_8de3a2ddbe91d74ca9a0,hue_cb49b1b87bcac31c916b,hue_ce46303e8d5d010b5af9,circular_HSV_hue,30,180,entity_08,test,plain,train
hue_triplet_9decaafe635112d4c481,hue_cb49b1b87bcac31c916b,hue_32f52adee6991247aa8e,hue_06ca79f58a61818a8101,circular_HSV_hue,30,180,entity_08,test,plain,train
hue_triplet_a6ea1a6339652d550a31,hue_32f52adee6991247aa8e,hue_ced219e1a669e37571dd,hue_0a4deb958d67fca17e66,circular_HSV_hue,30,180,entity_08,test,plain,train
hue_triplet_e7312bd266d18fe609a6,hue_ced219e1a669e37571dd,hue_aeba4c4a134bb34d9ebf,hue_039cf167215ac9085535,circular_HSV_hue,30,180,entity_08,test,plain,train
hue_triplet_1ea6866faf4f37d8c299,hue_aeba4c4a134bb34d9ebf,hue_e6da39efd2c6b0a95585,hue_3a3379b16cc5048b3bef,circular_HSV_hue,30,180,entity_08,test,plain,train
hue_triplet_13a74ac0b3660aed9d2c,hue_e6da39efd2c6b0a95585,hue_ce46303e8d5d010b5af9,hue_1c746025bb3b358922ca,circular_HSV_hue,30,180,entity_08,test,plain,train
hue_triplet_6a038fde35f01f43fde8,hue_ce46303e8d5d010b5af9,hue_06ca79f58a61818a8101,hue_8de3a2ddbe91d74ca9a0,circular_HSV_hue,30,180,entity_08,test,plain,train
hue_triplet_c09247b216c061bd6952,hue_06ca79f58a61818a8101,hue_0a4deb958d67fca17e66,hue_cb49b1b87bcac31c916b,circular_HSV_hue,30,180,entity_08,test,plain,train
hue_triplet_df140c5d56a1b78fe903,hue_0a4deb958d67fca17e66,hue_039cf167215ac9085535,hue_32f52adee6991247aa8e,circular_HSV_hue,30,180,entity_08,test,plain,train
hue_triplet_f46455574274104ad363,hue_039cf167215ac9085535,hue_3a3379b16cc5048b3bef,hue_ced219e1a669e37571dd,circular_HSV_hue,30,180,entity_08,test,plain,train
hue_triplet_0bc6ce9eb3e26d81e7f9,hue_3a3379b16cc5048b3bef,hue_1c746025bb3b358922ca,hue_aeba4c4a134bb34d9ebf,circular_HSV_hue,30,180,entity_08,test,plain,train
hue_triplet_3d668a0dfa06eb63d010,hue_58aedd770c643d0ae1e1,hue_6c3cf7f3dce97595518e,hue_7d22ab43f545edcada54,circular_HSV_hue,30,180,entity_08,test,numeric,train
hue_triplet_6651724605d39112bf0a,hue_6c3cf7f3dce97595518e,hue_6d176deb704489a3afcb,hue_e5ebb5375dc37819c818,circular_HSV_hue,30,180,entity_08,test,numeric,train
hue_triplet_06e7ac086837661fa9b8,hue_6d176deb704489a3afcb,hue_3f6f2e4e71e2b1e7d2d7,hue_0c79145a854762294187,circular_HSV_hue,30,180,entity_08,test,numeric,train
hue_triplet_d824d77eed65422f4920,hue_3f6f2e4e71e2b1e7d2d7,hue_e1d24cecdc962a918e3a,hue_bb76405e9a4b44f1113a,circular_HSV_hue,30,180,entity_08,test,numeric,train
hue_triplet_0eb785cb3c9ae45bba9f,hue_e1d24cecdc962a918e3a,hue_7db50d03e3024dfaaee9,hue_1a43ee41fee1c50e5256,circular_HSV_hue,30,180,entity_08,test,numeric,train
hue_triplet_6a5d91a7efbc05405389,hue_7db50d03e3024dfaaee9,hue_7d22ab43f545edcada54,hue_5ab5902b00c38c1542b9,circular_HSV_hue,30,180,entity_08,test,numeric,train
hue_triplet_68adbf4a12e444301456,hue_7d22ab43f545edcada54,hue_e5ebb5375dc37819c818,hue_58aedd770c643d0ae1e1,circular_HSV_hue,30,180,entity_08,test,numeric,train
hue_triplet_c9fc248562056b2510a9,hue_e5ebb5375dc37819c818,hue_0c79145a854762294187,hue_6c3cf7f3dce97595518e,circular_HSV_hue,30,180,entity_08,test,numeric,train
hue_triplet_1d9b38cbf11bbd859b5f,hue_0c79145a854762294187,hue_bb76405e9a4b44f1113a,hue_6d176deb704489a3afcb,circular_HSV_hue,30,180,entity_08,test,numeric,train
hue_triplet_0c0fdab49911fe2b73f5,hue_bb76405e9a4b44f1113a,hue_1a43ee41fee1c50e5256,hue_3f6f2e4e71e2b1e7d2d7,circular_HSV_hue,30,180,entity_08,test,numeric,train
hue_triplet_8063e79d0f69c514dcd2,hue_1a43ee41fee1c50e5256,hue_5ab5902b00c38c1542b9,hue_e1d24cecdc962a918e3a,circular_HSV_hue,30,180,entity_08,test,numeric,train
hue_triplet_c9bfbff4fbc69e60a0ee,hue_5ab5902b00c38c1542b9,hue_58aedd770c643d0ae1e1,hue_7db50d03e3024dfaaee9,circular_HSV_hue,30,180,entity_08,test,numeric,train
hue_triplet_846d07d22e6055359e96,hue_01b0ed34667dd95eb9f2,hue_eaecf8c2990cb0a57b7f,hue_d5417a3ddc88e159eabd,circular_HSV_hue,30,180,entity_08,test,paraphrase,heldout
hue_triplet_c4313ba8719a8c749f4e,hue_eaecf8c2990cb0a57b7f,hue_fef2e7196d5438b6a1a1,hue_c38fec327cab1f36c7e8,circular_HSV_hue,30,180,entity_08,test,paraphrase,heldout
hue_triplet_b65fe56a054c526e32bd,hue_fef2e7196d5438b6a1a1,hue_90c96cf21579725e1d5f,hue_1e9dcada7c8b3593a98e,circular_HSV_hue,30,180,entity_08,test,paraphrase,heldout
hue_triplet_7d662fc45f666c065086,hue_90c96cf21579725e1d5f,hue_481dc68f2e664c3636f7,hue_40e7bcd68514a9ecef8c,circular_HSV_hue,30,180,entity_08,test,paraphrase,heldout
hue_triplet_9ca33a4d120d3ce4a398,hue_481dc68f2e664c3636f7,hue_51196a0865d4d34d6899,hue_0f734df32af633762bd2,circular_HSV_hue,30,180,entity_08,test,paraphrase,heldout
hue_triplet_a9cec9887f6c38273516,hue_51196a0865d4d34d6899,hue_d5417a3ddc88e159eabd,hue_7b18d50fc33562bbab1c,circular_HSV_hue,30,180,entity_08,test,paraphrase,heldout
hue_triplet_3b6773c8177684dbb6ef,hue_d5417a3ddc88e159eabd,hue_c38fec327cab1f36c7e8,hue_01b0ed34667dd95eb9f2,circular_HSV_hue,30,180,entity_08,test,paraphrase,heldout
hue_triplet_02cb040df3f53ea188ae,hue_c38fec327cab1f36c7e8,hue_1e9dcada7c8b3593a98e,hue_eaecf8c2990cb0a57b7f,circular_HSV_hue,30,180,entity_08,test,paraphrase,heldout
hue_triplet_b112a6e74bb6327f6e9b,hue_1e9dcada7c8b3593a98e,hue_40e7bcd68514a9ecef8c,hue_fef2e7196d5438b6a1a1,circular_HSV_hue,30,180,entity_08,test,paraphrase,heldout
hue_triplet_7004cc7e029c70bd478e,hue_40e7bcd68514a9ecef8c,hue_0f734df32af633762bd2,hue_90c96cf21579725e1d5f,circular_HSV_hue,30,180,entity_08,test,paraphrase,heldout
hue_triplet_920b1c6f0c06f47493af,hue_0f734df32af633762bd2,hue_7b18d50fc33562bbab1c,hue_481dc68f2e664c3636f7,circular_HSV_hue,30,180,entity_08,test,paraphrase,heldout
hue_triplet_ab227bce0952c5b3f64b,hue_7b18d50fc33562bbab1c,hue_01b0ed34667dd95eb9f2,hue_51196a0865d4d34d6899,circular_HSV_hue,30,180,entity_08,test,paraphrase,heldout
hue_triplet_f1ecf7ebe0257e44c761,hue_3f3df145c1cc9b39a543,hue_b22cd6f75cfe5299e0ae,hue_220e25f8a5107c965471,circular_HSV_hue,30,180,entity_08,test,reordered,heldout
hue_triplet_d0e5d46d6e4f3f21f0d2,hue_b22cd6f75cfe5299e0ae,hue_1eb28fec1534186cde57,hue_83ceed0bec39db0d3965,circular_HSV_hue,30,180,entity_08,test,reordered,heldout
hue_triplet_4d720c1ea0449aff55aa,hue_1eb28fec1534186cde57,hue_86e1b1e11078a9e01e1a,hue_adccb41d478cd5852939,circular_HSV_hue,30,180,entity_08,test,reordered,heldout
hue_triplet_b6cf2322a2947bee3493,hue_86e1b1e11078a9e01e1a,hue_227cf66989b49e6c6708,hue_a4b4efbd7c06eee05654,circular_HSV_hue,30,180,entity_08,test,reordered,heldout
hue_triplet_65f5f0c0ec3a5e6662d9,hue_227cf66989b49e6c6708,hue_8ed2d9fc2e7d59824b93,hue_079092935303cb8ff93c,circular_HSV_hue,30,180,entity_08,test,reordered,heldout
hue_triplet_a81751fb1c515fe0fe05,hue_8ed2d9fc2e7d59824b93,hue_220e25f8a5107c965471,hue_23ef1b664a4f5469bafe,circular_HSV_hue,30,180,entity_08,test,reordered,heldout
hue_triplet_7dcbfb1be34ab40e7c90,hue_220e25f8a5107c965471,hue_83ceed0bec39db0d3965,hue_3f3df145c1cc9b39a543,circular_HSV_hue,30,180,entity_08,test,reordered,heldout
hue_triplet_2ba3b96f6812cd4fc741,hue_83ceed0bec39db0d3965,hue_adccb41d478cd5852939,hue_b22cd6f75cfe5299e0ae,circular_HSV_hue,30,180,entity_08,test,reordered,heldout
hue_triplet_153609cfd798dd03748b,hue_adccb41d478cd5852939,hue_a4b4efbd7c06eee05654,hue_1eb28fec1534186cde57,circular_HSV_hue,30,180,entity_08,test,reordered,heldout
hue_triplet_c1ad39d5200dd1bc8638,hue_a4b4efbd7c06eee05654,hue_079092935303cb8ff93c,hue_86e1b1e11078a9e01e1a,circular_HSV_hue,30,180,entity_08,test,reordered,heldout
hue_triplet_1ef57f11408f870878dd,hue_079092935303cb8ff93c,hue_23ef1b664a4f5469bafe,hue_227cf66989b49e6c6708,circular_HSV_hue,30,180,entity_08,test,reordered,heldout
hue_triplet_313caa0b4b546809ebde,hue_23ef1b664a4f5469bafe,hue_3f3df145c1cc9b39a543,hue_8ed2d9fc2e7d59824b93,circular_HSV_hue,30,180,entity_08,test,reordered,heldout
hue_triplet_9d3bf96abd3ac17a32df,hue_535930d3c8b0fd89a8cb,hue_f90d1e423ca93175a060,hue_ed2834b1b2f44a41f322,circular_HSV_hue,30,180,entity_09,train,plain,train
hue_triplet_a83b59ca2b6a32689767,hue_f90d1e423ca93175a060,hue_fc1380f7fd2b5a34aaa4,hue_5186d9cf541e12a58204,circular_HSV_hue,30,180,entity_09,train,plain,train
hue_triplet_8c15ab1f282c0bd914a4,hue_fc1380f7fd2b5a34aaa4,hue_c788fb03895f9e8ed6eb,hue_ee2a961f51e84eddf73d,circular_HSV_hue,30,180,entity_09,train,plain,train
hue_triplet_6c8c1aa541b0d590ae6b,hue_c788fb03895f9e8ed6eb,hue_4707db775166b8e3d52f,hue_45248586c1df3f4b63c1,circular_HSV_hue,30,180,entity_09,train,plain,train
hue_triplet_a3c14204a06c44980e5a,hue_4707db775166b8e3d52f,hue_b1071e5f1a6539553086,hue_6f3505fc48af53294428,circular_HSV_hue,30,180,entity_09,train,plain,train
hue_triplet_3fe3d9bcbf6f7491175b,hue_b1071e5f1a6539553086,hue_ed2834b1b2f44a41f322,hue_8fbd68ba7ec87b70150a,circular_HSV_hue,30,180,entity_09,train,plain,train
hue_triplet_444562b47763dfc1ca45,hue_ed2834b1b2f44a41f322,hue_5186d9cf541e12a58204,hue_535930d3c8b0fd89a8cb,circular_HSV_hue,30,180,entity_09,train,plain,train
hue_triplet_9e146cfa496b8c970efa,hue_5186d9cf541e12a58204,hue_ee2a961f51e84eddf73d,hue_f90d1e423ca93175a060,circular_HSV_hue,30,180,entity_09,train,plain,train
hue_triplet_aa605ebeb99a6dedf4b8,hue_ee2a961f51e84eddf73d,hue_45248586c1df3f4b63c1,hue_fc1380f7fd2b5a34aaa4,circular_HSV_hue,30,180,entity_09,train,plain,train
hue_triplet_a3d38a25b47a122078f2,hue_45248586c1df3f4b63c1,hue_6f3505fc48af53294428,hue_c788fb03895f9e8ed6eb,circular_HSV_hue,30,180,entity_09,train,plain,train
hue_triplet_5d383a662ec9b2080630,hue_6f3505fc48af53294428,hue_8fbd68ba7ec87b70150a,hue_4707db775166b8e3d52f,circular_HSV_hue,30,180,entity_09,train,plain,train
hue_triplet_c68ae136e7b43be557d7,hue_8fbd68ba7ec87b70150a,hue_535930d3c8b0fd89a8cb,hue_b1071e5f1a6539553086,circular_HSV_hue,30,180,entity_09,train,plain,train
hue_triplet_3ad0c9076d6a430cd399,hue_a935e870f002bb7c7eea,hue_bdaa1b510b42fb24be8c,hue_dae36b690d4c9fe0f3d5,circular_HSV_hue,30,180,entity_09,train,numeric,train
hue_triplet_1ea0d9c5250f1951ff1d,hue_bdaa1b510b42fb24be8c,hue_bd5642b103ce9a1f96e1,hue_1b90ef73705887dbfda6,circular_HSV_hue,30,180,entity_09,train,numeric,train
hue_triplet_7062ef3d15f2e9fac758,hue_bd5642b103ce9a1f96e1,hue_0c082aba7cacc339defe,hue_8109345e812746e354c3,circular_HSV_hue,30,180,entity_09,train,numeric,train
hue_triplet_c0c417615e396bb4e64a,hue_0c082aba7cacc339defe,hue_d1348af25ee329fe0727,hue_e285e4d358458eae2e3f,circular_HSV_hue,30,180,entity_09,train,numeric,train
hue_triplet_c0d8cb17bed1d9b7adc1,hue_d1348af25ee329fe0727,hue_699792d03181987009f6,hue_a8d99ca78d2ab07b737e,circular_HSV_hue,30,180,entity_09,train,numeric,train
hue_triplet_97ca59d231e3bd81f01b,hue_699792d03181987009f6,hue_dae36b690d4c9fe0f3d5,hue_2ff25e3384903fc891e1,circular_HSV_hue,30,180,entity_09,train,numeric,train
hue_triplet_c049ee3484a902912ef5,hue_dae36b690d4c9fe0f3d5,hue_1b90ef73705887dbfda6,hue_a935e870f002bb7c7eea,circular_HSV_hue,30,180,entity_09,train,numeric,train
hue_triplet_908a7ea80ceb8187ce38,hue_1b90ef73705887dbfda6,hue_8109345e812746e354c3,hue_bdaa1b510b42fb24be8c,circular_HSV_hue,30,180,entity_09,train,numeric,train
hue_triplet_58901a80c234e46737b6,hue_8109345e812746e354c3,hue_e285e4d358458eae2e3f,hue_bd5642b103ce9a1f96e1,circular_HSV_hue,30,180,entity_09,train,numeric,train
hue_triplet_7e8cbef7f55f044d6bdc,hue_e285e4d358458eae2e3f,hue_a8d99ca78d2ab07b737e,hue_0c082aba7cacc339defe,circular_HSV_hue,30,180,entity_09,train,numeric,train
hue_triplet_085f1277093ced35d44b,hue_a8d99ca78d2ab07b737e,hue_2ff25e3384903fc891e1,hue_d1348af25ee329fe0727,circular_HSV_hue,30,180,entity_09,train,numeric,train
hue_triplet_5151a8806aeb8aa64416,hue_2ff25e3384903fc891e1,hue_a935e870f002bb7c7eea,hue_699792d03181987009f6,circular_HSV_hue,30,180,entity_09,train,numeric,train
hue_triplet_0bf6d03aff693dc2289c,hue_1c1e8695814bee6e5aeb,hue_ca093bf1c894ccc444da,hue_85dd231b2870eefba1b1,circular_HSV_hue,30,180,entity_09,train,paraphrase,heldout
hue_triplet_7f310be3b837905645d9,hue_ca093bf1c894ccc444da,hue_5ac0396491a7c85bdd75,hue_414bfc6031f486507fdc,circular_HSV_hue,30,180,entity_09,train,paraphrase,heldout
hue_triplet_89a35593e39a73bf776c,hue_5ac0396491a7c85bdd75,hue_1cf0e81a11fd6572ad87,hue_48c4d24bd1dcd46cfe26,circular_HSV_hue,30,180,entity_09,train,paraphrase,heldout
hue_triplet_9e8e29885ec51bdfc546,hue_1cf0e81a11fd6572ad87,hue_8a06365ff8ee4adccded,hue_5cb8a03ccf0772b513af,circular_HSV_hue,30,180,entity_09,train,paraphrase,heldout
hue_triplet_efa3f979905db3374a8e,hue_8a06365ff8ee4adccded,hue_848cf8832b1b3262c0a2,hue_cfe30c062ff55162a7e6,circular_HSV_hue,30,180,entity_09,train,paraphrase,heldout
hue_triplet_38be32f491658659f668,hue_848cf8832b1b3262c0a2,hue_85dd231b2870eefba1b1,hue_18333f2e55065439dc07,circular_HSV_hue,30,180,entity_09,train,paraphrase,heldout
hue_triplet_5b9c532cae11daeff28f,hue_85dd231b2870eefba1b1,hue_414bfc6031f486507fdc,hue_1c1e8695814bee6e5aeb,circular_HSV_hue,30,180,entity_09,train,paraphrase,heldout
hue_triplet_8c6721b517e383d45fb6,hue_414bfc6031f486507fdc,hue_48c4d24bd1dcd46cfe26,hue_ca093bf1c894ccc444da,circular_HSV_hue,30,180,entity_09,train,paraphrase,heldout
hue_triplet_32c7d875a9e17782a9e8,hue_48c4d24bd1dcd46cfe26,hue_5cb8a03ccf0772b513af,hue_5ac0396491a7c85bdd75,circular_HSV_hue,30,180,entity_09,train,paraphrase,heldout
hue_triplet_be57c99272899c71de17,hue_5cb8a03ccf0772b513af,hue_cfe30c062ff55162a7e6,hue_1cf0e81a11fd6572ad87,circular_HSV_hue,30,180,entity_09,train,paraphrase,heldout
hue_triplet_1b7eda5da93b3b680cc0,hue_cfe30c062ff55162a7e6,hue_18333f2e55065439dc07,hue_8a06365ff8ee4adccded,circular_HSV_hue,30,180,entity_09,train,paraphrase,heldout
hue_triplet_96d5e987058c0c8d208d,hue_18333f2e55065439dc07,hue_1c1e8695814bee6e5aeb,hue_848cf8832b1b3262c0a2,circular_HSV_hue,30,180,entity_09,train,paraphrase,heldout
hue_triplet_babf70535e373b6e8293,hue_bef66bcfc565a1dc3701,hue_7d5728dcba1ffde53b5e,hue_d838f484bacdd87a8e63,circular_HSV_hue,30,180,entity_09,train,reordered,heldout
hue_triplet_69e3678b847ff8e08394,hue_7d5728dcba1ffde53b5e,hue_cd22b7e0127eca611608,hue_546fd60f6ba1ae653ba9,circular_HSV_hue,30,180,entity_09,train,reordered,heldout
hue_triplet_b191f950b94771e9b7f3,hue_cd22b7e0127eca611608,hue_6f2857f44ede8556f616,hue_89b9d9efa83e23379915,circular_HSV_hue,30,180,entity_09,train,reordered,heldout
hue_triplet_fb55535b9fc96e5fe401,hue_6f2857f44ede8556f616,hue_4e9d1dbbbd198c8a9e73,hue_518628c4ef416387251e,circular_HSV_hue,30,180,entity_09,train,reordered,heldout
hue_triplet_34dbda2091c882e85b7e,hue_4e9d1dbbbd198c8a9e73,hue_6ed06f6878fb2e536666,hue_f8f2fb9cc4207cc06537,circular_HSV_hue,30,180,entity_09,train,reordered,heldout
hue_triplet_410fe8f60257636e4524,hue_6ed06f6878fb2e536666,hue_d838f484bacdd87a8e63,hue_3705ac02e14e6b1fb77f,circular_HSV_hue,30,180,entity_09,train,reordered,heldout
hue_triplet_d5f0cdb97a5c94a8709f,hue_d838f484bacdd87a8e63,hue_546fd60f6ba1ae653ba9,hue_bef66bcfc565a1dc3701,circular_HSV_hue,30,180,entity_09,train,reordered,heldout
hue_triplet_8ad0a329ef3d3d153171,hue_546fd60f6ba1ae653ba9,hue_89b9d9efa83e23379915,hue_7d5728dcba1ffde53b5e,circular_HSV_hue,30,180,entity_09,train,reordered,heldout
hue_triplet_3ed4d588f3cbbb999637,hue_89b9d9efa83e23379915,hue_518628c4ef416387251e,hue_cd22b7e0127eca611608,circular_HSV_hue,30,180,entity_09,train,reordered,heldout
hue_triplet_a44747d24ac2d490f119,hue_518628c4ef416387251e,hue_f8f2fb9cc4207cc06537,hue_6f2857f44ede8556f616,circular_HSV_hue,30,180,entity_09,train,reordered,heldout
hue_triplet_811ddf6e4a9af33e1fff,hue_f8f2fb9cc4207cc06537,hue_3705ac02e14e6b1fb77f,hue_4e9d1dbbbd198c8a9e73,circular_HSV_hue,30,180,entity_09,train,reordered,heldout
hue_triplet_95a66fd7507016501b15,hue_3705ac02e14e6b1fb77f,hue_bef66bcfc565a1dc3701,hue_6ed06f6878fb2e536666,circular_HSV_hue,30,180,entity_09,train,reordered,heldout
hue_triplet_c41d7229336f7a6833d8,hue_7f33f629fe29dcec0114,hue_8256f9a2d5b4ac33aa1e,hue_6cae3da90f565c02801d,circular_HSV_hue,30,180,entity_10,train,plain,train
hue_triplet_2ef23fe5daf11d8dd992,hue_8256f9a2d5b4ac33aa1e,hue_a494d5c8828b5324475a,hue_f0a2fd033f216997135c,circular_HSV_hue,30,180,entity_10,train,plain,train
hue_triplet_9a98ba133c7e75b22db0,hue_a494d5c8828b5324475a,hue_f18185c412f8f8813e27,hue_843f038cdd5474622d41,circular_HSV_hue,30,180,entity_10,train,plain,train
hue_triplet_535be31bcb67358880fc,hue_f18185c412f8f8813e27,hue_b93aadb57d6055b424f0,hue_c3ab9d6d4e51b0dd69cf,circular_HSV_hue,30,180,entity_10,train,plain,train
hue_triplet_1e2ff2bc6f0b8d84bcff,hue_b93aadb57d6055b424f0,hue_5312c1df3788b87c9d45,hue_9bbe64e66ef8a55a5030,circular_HSV_hue,30,180,entity_10,train,plain,train
hue_triplet_67e98e10891941ebcc47,hue_5312c1df3788b87c9d45,hue_6cae3da90f565c02801d,hue_34de685fd67fe1a078ad,circular_HSV_hue,30,180,entity_10,train,plain,train
hue_triplet_dcd354f26bae604d7976,hue_6cae3da90f565c02801d,hue_f0a2fd033f216997135c,hue_7f33f629fe29dcec0114,circular_HSV_hue,30,180,entity_10,train,plain,train
hue_triplet_3fb61f1ef64fa6a88d1b,hue_f0a2fd033f216997135c,hue_843f038cdd5474622d41,hue_8256f9a2d5b4ac33aa1e,circular_HSV_hue,30,180,entity_10,train,plain,train
hue_triplet_228f25f00d1869fb323e,hue_843f038cdd5474622d41,hue_c3ab9d6d4e51b0dd69cf,hue_a494d5c8828b5324475a,circular_HSV_hue,30,180,entity_10,train,plain,train
hue_triplet_fd88e6e404522a7ab6ec,hue_c3ab9d6d4e51b0dd69cf,hue_9bbe64e66ef8a55a5030,hue_f18185c412f8f8813e27,circular_HSV_hue,30,180,entity_10,train,plain,train
hue_triplet_df9704a884f4741da000,hue_9bbe64e66ef8a55a5030,hue_34de685fd67fe1a078ad,hue_b93aadb57d6055b424f0,circular_HSV_hue,30,180,entity_10,train,plain,train
hue_triplet_04dec9cea194aae94e7c,hue_34de685fd67fe1a078ad,hue_7f33f629fe29dcec0114,hue_5312c1df3788b87c9d45,circular_HSV_hue,30,180,entity_10,train,plain,train
hue_triplet_1618919f78e69396cc79,hue_ce458f933a75d983a3d0,hue_5b1f734c30b4c2ea3d52,hue_103da2232ac22316becc,circular_HSV_hue,30,180,entity_10,train,numeric,train
hue_triplet_7f61b7d45f7dd33416b1,hue_5b1f734c30b4c2ea3d52,hue_195eade1a665312142c1,hue_38860cae9be1c26847b5,circular_HSV_hue,30,180,entity_10,train,numeric,train
hue_triplet_6810a49105a98ae4fd8f,hue_195eade1a665312142c1,hue_6011b4881f6be187aa38,hue_c97116e85c01c0c2a494,circular_HSV_hue,30,180,entity_10,train,numeric,train
hue_triplet_71aa207947d894623b43,hue_6011b4881f6be187aa38,hue_e899f3c7657b07f3833f,hue_65b26c40cf55b2001552,circular_HSV_hue,30,180,entity_10,train,numeric,train
hue_triplet_7ebfb557267f53a3c8d7,hue_e899f3c7657b07f3833f,hue_be7af62f233980b515d8,hue_ca513084ba73fc2575fe,circular_HSV_hue,30,180,entity_10,train,numeric,train
hue_triplet_9d57c35296db3e6507d5,hue_be7af62f233980b515d8,hue_103da2232ac22316becc,hue_733c29a15bcbebfaf178,circular_HSV_hue,30,180,entity_10,train,numeric,train
hue_triplet_ef118046243700fb676c,hue_103da2232ac22316becc,hue_38860cae9be1c26847b5,hue_ce458f933a75d983a3d0,circular_HSV_hue,30,180,entity_10,train,numeric,train
hue_triplet_dd50fb939349c6493b37,hue_38860cae9be1c26847b5,hue_c97116e85c01c0c2a494,hue_5b1f734c30b4c2ea3d52,circular_HSV_hue,30,180,entity_10,train,numeric,train
hue_triplet_01a7f3c7408310b29bde,hue_c97116e85c01c0c2a494,hue_65b26c40cf55b2001552,hue_195eade1a665312142c1,circular_HSV_hue,30,180,entity_10,train,numeric,train
hue_triplet_6507964985fb801bba92,hue_65b26c40cf55b2001552,hue_ca513084ba73fc2575fe,hue_6011b4881f6be187aa38,circular_HSV_hue,30,180,entity_10,train,numeric,train
hue_triplet_64c662c674d159a81079,hue_ca513084ba73fc2575fe,hue_733c29a15bcbebfaf178,hue_e899f3c7657b07f3833f,circular_HSV_hue,30,180,entity_10,train,numeric,train
hue_triplet_f150d3ace64632cd84dc,hue_733c29a15bcbebfaf178,hue_ce458f933a75d983a3d0,hue_be7af62f233980b515d8,circular_HSV_hue,30,180,entity_10,train,numeric,train
hue_triplet_e124e7cdfe1dd495d63c,hue_1d42a8010238e27eeb60,hue_d1102b84a8c6e0a80d28,hue_c4d464a17ed0f990daa8,circular_HSV_hue,30,180,entity_10,train,paraphrase,heldout
hue_triplet_b40647e4c6b8caa5ce6a,hue_d1102b84a8c6e0a80d28,hue_54d717c05dc1cb26a9f1,hue_ead331983f536bf414ad,circular_HSV_hue,30,180,entity_10,train,paraphrase,heldout
hue_triplet_da40e123a45e86c8e5ce,hue_54d717c05dc1cb26a9f1,hue_af721077463465368c10,hue_386b0e0f6ee19249f261,circular_HSV_hue,30,180,entity_10,train,paraphrase,heldout
hue_triplet_196d86c6e92d8683bf17,hue_af721077463465368c10,hue_ef43d8d06065e2bc5e99,hue_1b6550b55d75e0e13452,circular_HSV_hue,30,180,entity_10,train,paraphrase,heldout
hue_triplet_46838b6bacff4168d755,hue_ef43d8d06065e2bc5e99,hue_080861acd69514d3362c,hue_24740f16a10c83ba0095,circular_HSV_hue,30,180,entity_10,train,paraphrase,heldout
hue_triplet_707fa840f0bfdb70ba8f,hue_080861acd69514d3362c,hue_c4d464a17ed0f990daa8,hue_ad3f7cd87db49a169690,circular_HSV_hue,30,180,entity_10,train,paraphrase,heldout
hue_triplet_15a099927a49c7eecb05,hue_c4d464a17ed0f990daa8,hue_ead331983f536bf414ad,hue_1d42a8010238e27eeb60,circular_HSV_hue,30,180,entity_10,train,paraphrase,heldout
hue_triplet_ee2879046718e38f1098,hue_ead331983f536bf414ad,hue_386b0e0f6ee19249f261,hue_d1102b84a8c6e0a80d28,circular_HSV_hue,30,180,entity_10,train,paraphrase,heldout
hue_triplet_8f3c23d6e5f513437ca6,hue_386b0e0f6ee19249f261,hue_1b6550b55d75e0e13452,hue_54d717c05dc1cb26a9f1,circular_HSV_hue,30,180,entity_10,train,paraphrase,heldout
hue_triplet_f034d9bd8b535374537c,hue_1b6550b55d75e0e13452,hue_24740f16a10c83ba0095,hue_af721077463465368c10,circular_HSV_hue,30,180,entity_10,train,paraphrase,heldout
hue_triplet_7e0cc4ce081c0a3591de,hue_24740f16a10c83ba0095,hue_ad3f7cd87db49a169690,hue_ef43d8d06065e2bc5e99,circular_HSV_hue,30,180,entity_10,train,paraphrase,heldout
hue_triplet_e6151dcf524bb068c2f3,hue_ad3f7cd87db49a169690,hue_1d42a8010238e27eeb60,hue_080861acd69514d3362c,circular_HSV_hue,30,180,entity_10,train,paraphrase,heldout
hue_triplet_0f603c1a0da3010113f6,hue_96d5bda993e04935eb83,hue_adfbb6a64646f9c656c9,hue_0316b83993faf19b00a9,circular_HSV_hue,30,180,entity_10,train,reordered,heldout
hue_triplet_38c6ed0da0d74ede78da,hue_adfbb6a64646f9c656c9,hue_aec15b25e356a477898c,hue_8e7bc9205a2ec0bd51b3,circular_HSV_hue,30,180,entity_10,train,reordered,heldout
hue_triplet_89bc01bf512a1442e580,hue_aec15b25e356a477898c,hue_b02b1abcf3e3cd5ce4dc,hue_ece2c5e4dcee063c7317,circular_HSV_hue,30,180,entity_10,train,reordered,heldout
hue_triplet_cce831e7da80faf4d149,hue_b02b1abcf3e3cd5ce4dc,hue_c270037295a0e394da67,hue_a10f38b44cd05deab50f,circular_HSV_hue,30,180,entity_10,train,reordered,heldout
hue_triplet_01e0ad80f65ebce7c8a6,hue_c270037295a0e394da67,hue_9d5bf6d2ccc13a88b743,hue_beb57e8c8e960c64127d,circular_HSV_hue,30,180,entity_10,train,reordered,heldout
hue_triplet_4728db5a8846fe0de338,hue_9d5bf6d2ccc13a88b743,hue_0316b83993faf19b00a9,hue_19af7cbefcfe80618dae,circular_HSV_hue,30,180,entity_10,train,reordered,heldout
hue_triplet_74dcdf73a0832dc9ea01,hue_0316b83993faf19b00a9,hue_8e7bc9205a2ec0bd51b3,hue_96d5bda993e04935eb83,circular_HSV_hue,30,180,entity_10,train,reordered,heldout
hue_triplet_dac8bcc79332ed60d8da,hue_8e7bc9205a2ec0bd51b3,hue_ece2c5e4dcee063c7317,hue_adfbb6a64646f9c656c9,circular_HSV_hue,30,180,entity_10,train,reordered,heldout
hue_triplet_60341f58b28462ad6126,hue_ece2c5e4dcee063c7317,hue_a10f38b44cd05deab50f,hue_aec15b25e356a477898c,circular_HSV_hue,30,180,entity_10,train,reordered,heldout
hue_triplet_326709bbf906f92b29f7,hue_a10f38b44cd05deab50f,hue_beb57e8c8e960c64127d,hue_b02b1abcf3e3cd5ce4dc,circular_HSV_hue,30,180,entity_10,train,reordered,heldout
hue_triplet_90753913bfab1593b3ca,hue_beb57e8c8e960c64127d,hue_19af7cbefcfe80618dae,hue_c270037295a0e394da67,circular_HSV_hue,30,180,entity_10,train,reordered,heldout
hue_triplet_00c59192a82f8b4fc8ef,hue_19af7cbefcfe80618dae,hue_96d5bda993e04935eb83,hue_9d5bf6d2ccc13a88b743,circular_HSV_hue,30,180,entity_10,train,reordered,heldout
hue_triplet_42a6941681bf279b02ab,hue_a2a21abfe49c7092e69a,hue_ab312fcb4d8bbd4889a1,hue_1cbc474257f083b4bfa4,circular_HSV_hue,30,180,entity_11,train,plain,train
hue_triplet_9922d2ef624c915a696b,hue_ab312fcb4d8bbd4889a1,hue_966d728322cd73815c59,hue_b5c3b092899cbf1a406d,circular_HSV_hue,30,180,entity_11,train,plain,train
hue_triplet_ab7dcfc6a72e16e66261,hue_966d728322cd73815c59,hue_45c22013763ce6798e1c,hue_646a517ebaeeaa985146,circular_HSV_hue,30,180,entity_11,train,plain,train
hue_triplet_9e5689fe0c74e0956b17,hue_45c22013763ce6798e1c,hue_7fb9f381ff0d2dc530ee,hue_305c829fea243151931e,circular_HSV_hue,30,180,entity_11,train,plain,train
hue_triplet_15bec688ab6bce9c257c,hue_7fb9f381ff0d2dc530ee,hue_7fcd3c3fc05fdc4c8f1b,hue_d8908aafb32563280039,circular_HSV_hue,30,180,entity_11,train,plain,train
hue_triplet_1aa2a3ad2ffa3e1c4769,hue_7fcd3c3fc05fdc4c8f1b,hue_1cbc474257f083b4bfa4,hue_3dd7aea3eeb6677cb395,circular_HSV_hue,30,180,entity_11,train,plain,train
hue_triplet_ab56f1f88a7abd34413c,hue_1cbc474257f083b4bfa4,hue_b5c3b092899cbf1a406d,hue_a2a21abfe49c7092e69a,circular_HSV_hue,30,180,entity_11,train,plain,train
hue_triplet_560f9f25f4891d16284d,hue_b5c3b092899cbf1a406d,hue_646a517ebaeeaa985146,hue_ab312fcb4d8bbd4889a1,circular_HSV_hue,30,180,entity_11,train,plain,train
hue_triplet_a5711aef9516abb96188,hue_646a517ebaeeaa985146,hue_305c829fea243151931e,hue_966d728322cd73815c59,circular_HSV_hue,30,180,entity_11,train,plain,train
hue_triplet_e1eaa624532410fdfee7,hue_305c829fea243151931e,hue_d8908aafb32563280039,hue_45c22013763ce6798e1c,circular_HSV_hue,30,180,entity_11,train,plain,train
hue_triplet_dc28d1b451d9c68fe396,hue_d8908aafb32563280039,hue_3dd7aea3eeb6677cb395,hue_7fb9f381ff0d2dc530ee,circular_HSV_hue,30,180,entity_11,train,plain,train
hue_triplet_32e2a138057dc5c39169,hue_3dd7aea3eeb6677cb395,hue_a2a21abfe49c7092e69a,hue_7fcd3c3fc05fdc4c8f1b,circular_HSV_hue,30,180,entity_11,train,plain,train
hue_triplet_c5ce75d84cef1bab7f1b,hue_eb34c1016debd66616d0,hue_3986a43438122552fae6,hue_34cad5d118920c91b2ac,circular_HSV_hue,30,180,entity_11,train,numeric,train
hue_triplet_0608639e275063301b62,hue_3986a43438122552fae6,hue_203c2ebb3c2cc7b75b32,hue_50bd8491edf65e995a1f,circular_HSV_hue,30,180,entity_11,train,numeric,train
hue_triplet_e6e24fe1c29a95aef206,hue_203c2ebb3c2cc7b75b32,hue_c7fdd1934d2cf7dde2fd,hue_5372ed688245a467260c,circular_HSV_hue,30,180,entity_11,train,numeric,train
hue_triplet_3b87c9b99978aeca9862,hue_c7fdd1934d2cf7dde2fd,hue_f61750cd6ed79ba50338,hue_ca1954c67c46e230ec14,circular_HSV_hue,30,180,entity_11,train,numeric,train
hue_triplet_57f041fbe777e70964c3,hue_f61750cd6ed79ba50338,hue_c338cfa76a98a311d43a,hue_6dbfc18d0f0293dd99f9,circular_HSV_hue,30,180,entity_11,train,numeric,train
hue_triplet_1377cb893d3229c24994,hue_c338cfa76a98a311d43a,hue_34cad5d118920c91b2ac,hue_6107f4b52649b75a5d42,circular_HSV_hue,30,180,entity_11,train,numeric,train
hue_triplet_45955be18122ab56d415,hue_34cad5d118920c91b2ac,hue_50bd8491edf65e995a1f,hue_eb34c1016debd66616d0,circular_HSV_hue,30,180,entity_11,train,numeric,train
hue_triplet_252db183cb0c42f3c249,hue_50bd8491edf65e995a1f,hue_5372ed688245a467260c,hue_3986a43438122552fae6,circular_HSV_hue,30,180,entity_11,train,numeric,train
hue_triplet_30187b20b6ffb8c15ff0,hue_5372ed688245a467260c,hue_ca1954c67c46e230ec14,hue_203c2ebb3c2cc7b75b32,circular_HSV_hue,30,180,entity_11,train,numeric,train
hue_triplet_cb5384a3a1eb0227bf2f,hue_ca1954c67c46e230ec14,hue_6dbfc18d0f0293dd99f9,hue_c7fdd1934d2cf7dde2fd,circular_HSV_hue,30,180,entity_11,train,numeric,train
hue_triplet_4749b05c961a6711fa10,hue_6dbfc18d0f0293dd99f9,hue_6107f4b52649b75a5d42,hue_f61750cd6ed79ba50338,circular_HSV_hue,30,180,entity_11,train,numeric,train
hue_triplet_a62b52f938995b19c261,hue_6107f4b52649b75a5d42,hue_eb34c1016debd66616d0,hue_c338cfa76a98a311d43a,circular_HSV_hue,30,180,entity_11,train,numeric,train
hue_triplet_b359330a1bbac467494e,hue_22abd506c2fca63e787c,hue_32101db6179c6d9a4dfd,hue_dfc2b80183427830865e,circular_HSV_hue,30,180,entity_11,train,paraphrase,heldout
hue_triplet_fa65fdda085f5bc722d9,hue_32101db6179c6d9a4dfd,hue_95da9fece73583592aab,hue_8d654f15641c3ef8cbf6,circular_HSV_hue,30,180,entity_11,train,paraphrase,heldout
hue_triplet_f4101eabe4e0440a42eb,hue_95da9fece73583592aab,hue_950ce3230720cf2094ba,hue_aab3acc8f5ac355f9249,circular_HSV_hue,30,180,entity_11,train,paraphrase,heldout
hue_triplet_5dff467c3c49595da2f7,hue_950ce3230720cf2094ba,hue_680564cf6296031b90b6,hue_5a0aac54f4b6661c8b41,circular_HSV_hue,30,180,entity_11,train,paraphrase,heldout
hue_triplet_05bfd0a28d5feac19c5a,hue_680564cf6296031b90b6,hue_8100c2ad7e67789cef6e,hue_e64ae0247c83d770630e,circular_HSV_hue,30,180,entity_11,train,paraphrase,heldout
hue_triplet_3950508c0ba3e8aca43a,hue_8100c2ad7e67789cef6e,hue_dfc2b80183427830865e,hue_d857ccef37247029021d,circular_HSV_hue,30,180,entity_11,train,paraphrase,heldout
hue_triplet_decc1bac6d9b649c7184,hue_dfc2b80183427830865e,hue_8d654f15641c3ef8cbf6,hue_22abd506c2fca63e787c,circular_HSV_hue,30,180,entity_11,train,paraphrase,heldout
hue_triplet_ff84da27634def0b21a4,hue_8d654f15641c3ef8cbf6,hue_aab3acc8f5ac355f9249,hue_32101db6179c6d9a4dfd,circular_HSV_hue,30,180,entity_11,train,paraphrase,heldout
hue_triplet_03edcdce4449015e4497,hue_aab3acc8f5ac355f9249,hue_5a0aac54f4b6661c8b41,hue_95da9fece73583592aab,circular_HSV_hue,30,180,entity_11,train,paraphrase,heldout
hue_triplet_e19833c9ef6958c06c4d,hue_5a0aac54f4b6661c8b41,hue_e64ae0247c83d770630e,hue_950ce3230720cf2094ba,circular_HSV_hue,30,180,entity_11,train,paraphrase,heldout
hue_triplet_986a1221520a37db85b0,hue_e64ae0247c83d770630e,hue_d857ccef37247029021d,hue_680564cf6296031b90b6,circular_HSV_hue,30,180,entity_11,train,paraphrase,heldout
hue_triplet_09a8e9923721264ecc36,hue_d857ccef37247029021d,hue_22abd506c2fca63e787c,hue_8100c2ad7e67789cef6e,circular_HSV_hue,30,180,entity_11,train,paraphrase,heldout
hue_triplet_7a778081849381b5dbdd,hue_4736985396a1ab902c91,hue_75dec5267984fe08d014,hue_dd71de50213a0e13394f,circular_HSV_hue,30,180,entity_11,train,reordered,heldout
hue_triplet_a6172b3e82cc5c85c888,hue_75dec5267984fe08d014,hue_32502e522bb856087a2d,hue_a9d156f3d945607dfe99,circular_HSV_hue,30,180,entity_11,train,reordered,heldout
hue_triplet_78965ccd39fbb1b0570c,hue_32502e522bb856087a2d,hue_0023a7741bb569e839de,hue_148d6acbe8ececff67cc,circular_HSV_hue,30,180,entity_11,train,reordered,heldout
hue_triplet_6a70e33c12209af75cd0,hue_0023a7741bb569e839de,hue_27df37e1cab7af7dbb7f,hue_562864813269e7d5fd93,circular_HSV_hue,30,180,entity_11,train,reordered,heldout
hue_triplet_a565fb6036902a8300c2,hue_27df37e1cab7af7dbb7f,hue_33e51490367c8fe4e190,hue_eea623394a361e6c93bc,circular_HSV_hue,30,180,entity_11,train,reordered,heldout
hue_triplet_0275b2fa7e3e330efe3c,hue_33e51490367c8fe4e190,hue_dd71de50213a0e13394f,hue_fa790c6b68a103dddc4c,circular_HSV_hue,30,180,entity_11,train,reordered,heldout
hue_triplet_dc0dbd1363037b3dc632,hue_dd71de50213a0e13394f,hue_a9d156f3d945607dfe99,hue_4736985396a1ab902c91,circular_HSV_hue,30,180,entity_11,train,reordered,heldout
hue_triplet_12be9c8ab8d1cc88694d,hue_a9d156f3d945607dfe99,hue_148d6acbe8ececff67cc,hue_75dec5267984fe08d014,circular_HSV_hue,30,180,entity_11,train,reordered,heldout
hue_triplet_6b41a89419466a47616a,hue_148d6acbe8ececff67cc,hue_562864813269e7d5fd93,hue_32502e522bb856087a2d,circular_HSV_hue,30,180,entity_11,train,reordered,heldout
hue_triplet_33a011585ef451fcf9e0,hue_562864813269e7d5fd93,hue_eea623394a361e6c93bc,hue_0023a7741bb569e839de,circular_HSV_hue,30,180,entity_11,train,reordered,heldout
hue_triplet_141e5840e7721c4c7c9c,hue_eea623394a361e6c93bc,hue_fa790c6b68a103dddc4c,hue_27df37e1cab7af7dbb7f,circular_HSV_hue,30,180,entity_11,train,reordered,heldout
hue_triplet_5519af87db0e8ca04b37,hue_fa790c6b68a103dddc4c,hue_4736985396a1ab902c91,hue_33e51490367c8fe4e190,circular_HSV_hue,30,180,entity_11,train,reordered,heldout
hue_triplet_450640f9fbab6b2ad605,hue_608b3bc524d3047a6432,hue_2089aa70ff5a69058fe1,hue_3a44840f94c24011eea1,circular_HSV_hue,30,180,entity_12,validation,plain,train
hue_triplet_dcb0033a42b974f5b639,hue_2089aa70ff5a69058fe1,hue_96e9f37be6870f87d171,hue_03de158a0b55f26c68a1,circular_HSV_hue,30,180,entity_12,validation,plain,train
hue_triplet_d114f45971142fca88a9,hue_96e9f37be6870f87d171,hue_7b735476de829259530c,hue_e1ef6247c2010f0cab7d,circular_HSV_hue,30,180,entity_12,validation,plain,train
hue_triplet_dfc90eaddd63ff3b3e71,hue_7b735476de829259530c,hue_de488a98f4f2ca3ba48b,hue_5a006339b62b8a8fedfd,circular_HSV_hue,30,180,entity_12,validation,plain,train
hue_triplet_fa3a58b52c26735be849,hue_de488a98f4f2ca3ba48b,hue_2782e144ebb58636238c,hue_48159354798ab868df3b,circular_HSV_hue,30,180,entity_12,validation,plain,train
hue_triplet_b0cc63e3571a966f3506,hue_2782e144ebb58636238c,hue_3a44840f94c24011eea1,hue_7e41e911e43cc4bf3ba7,circular_HSV_hue,30,180,entity_12,validation,plain,train
hue_triplet_eabc1b36d48ced5b4f6a,hue_3a44840f94c24011eea1,hue_03de158a0b55f26c68a1,hue_608b3bc524d3047a6432,circular_HSV_hue,30,180,entity_12,validation,plain,train
hue_triplet_6159cd7021ddab1129d6,hue_03de158a0b55f26c68a1,hue_e1ef6247c2010f0cab7d,hue_2089aa70ff5a69058fe1,circular_HSV_hue,30,180,entity_12,validation,plain,train
hue_triplet_a46ffe044558ad740f68,hue_e1ef6247c2010f0cab7d,hue_5a006339b62b8a8fedfd,hue_96e9f37be6870f87d171,circular_HSV_hue,30,180,entity_12,validation,plain,train
hue_triplet_74ad2423a2739780992f,hue_5a006339b62b8a8fedfd,hue_48159354798ab868df3b,hue_7b735476de829259530c,circular_HSV_hue,30,180,entity_12,validation,plain,train
hue_triplet_2df852754e834d78c71a,hue_48159354798ab868df3b,hue_7e41e911e43cc4bf3ba7,hue_de488a98f4f2ca3ba48b,circular_HSV_hue,30,180,entity_12,validation,plain,train
hue_triplet_ac8855916e408dbffaf8,hue_7e41e911e43cc4bf3ba7,hue_608b3bc524d3047a6432,hue_2782e144ebb58636238c,circular_HSV_hue,30,180,entity_12,validation,plain,train
hue_triplet_d5a20e2f8dbbb7ec3031,hue_1a006eb9cd3a1d7bae04,hue_60ed6f9f70171be929f4,hue_215f63c66be61f0fec0d,circular_HSV_hue,30,180,entity_12,validation,numeric,train
hue_triplet_993f64150edb70461fc5,hue_60ed6f9f70171be929f4,hue_7fd77e4c88b379c93374,hue_59bb942c1e106c6d6a3a,circular_HSV_hue,30,180,entity_12,validation,numeric,train
hue_triplet_027531d1827378f82a59,hue_7fd77e4c88b379c93374,hue_d7b7a701821313433dd0,hue_65c86bf72adb3fc74050,circular_HSV_hue,30,180,entity_12,validation,numeric,train
hue_triplet_3235b169deac270ac177,hue_d7b7a701821313433dd0,hue_cf61fcafbc39b1a052d8,hue_e00d9b580c203df04a6a,circular_HSV_hue,30,180,entity_12,validation,numeric,train
hue_triplet_a17f36a2155ca162bf8a,hue_cf61fcafbc39b1a052d8,hue_b2bdfb451d11b4e94a21,hue_994c6073bfdd0b19f8bc,circular_HSV_hue,30,180,entity_12,validation,numeric,train
hue_triplet_08a167db71e9d4615138,hue_b2bdfb451d11b4e94a21,hue_215f63c66be61f0fec0d,hue_607c843b60bf5614a934,circular_HSV_hue,30,180,entity_12,validation,numeric,train
hue_triplet_182012a91fac086678d2,hue_215f63c66be61f0fec0d,hue_59bb942c1e106c6d6a3a,hue_1a006eb9cd3a1d7bae04,circular_HSV_hue,30,180,entity_12,validation,numeric,train
hue_triplet_33bf9937627fa898c9fb,hue_59bb942c1e106c6d6a3a,hue_65c86bf72adb3fc74050,hue_60ed6f9f70171be929f4,circular_HSV_hue,30,180,entity_12,validation,numeric,train
hue_triplet_45553e065db060f742eb,hue_65c86bf72adb3fc74050,hue_e00d9b580c203df04a6a,hue_7fd77e4c88b379c93374,circular_HSV_hue,30,180,entity_12,validation,numeric,train
hue_triplet_3e594cd2795b7be9d1d1,hue_e00d9b580c203df04a6a,hue_994c6073bfdd0b19f8bc,hue_d7b7a701821313433dd0,circular_HSV_hue,30,180,entity_12,validation,numeric,train
hue_triplet_56911b4835d2ed242f04,hue_994c6073bfdd0b19f8bc,hue_607c843b60bf5614a934,hue_cf61fcafbc39b1a052d8,circular_HSV_hue,30,180,entity_12,validation,numeric,train
hue_triplet_bc0b1e701281410448e2,hue_607c843b60bf5614a934,hue_1a006eb9cd3a1d7bae04,hue_b2bdfb451d11b4e94a21,circular_HSV_hue,30,180,entity_12,validation,numeric,train
hue_triplet_d4720dc3cca962230dc9,hue_5afc598e9ddb9901df16,hue_341854ccac190a6fcb07,hue_dec9778a94a6435096c7,circular_HSV_hue,30,180,entity_12,validation,paraphrase,heldout
hue_triplet_4df2ec37abc8ba8b591f,hue_341854ccac190a6fcb07,hue_99bba15b14667084135f,hue_a2f9fc4d90df90fb72e6,circular_HSV_hue,30,180,entity_12,validation,paraphrase,heldout
hue_triplet_013ee5372ed485ce6d9e,hue_99bba15b14667084135f,hue_3741a8e57f32226ba24f,hue_5356eebfeb696c218e32,circular_HSV_hue,30,180,entity_12,validation,paraphrase,heldout
hue_triplet_6bd8f63228d493763db6,hue_3741a8e57f32226ba24f,hue_9155370d8bd68937139e,hue_bec339a812edf853a1c7,circular_HSV_hue,30,180,entity_12,validation,paraphrase,heldout
hue_triplet_0c674f38e558d820e636,hue_9155370d8bd68937139e,hue_ad609c4b9c37121f7740,hue_e76ca657a4b9f1c21c71,circular_HSV_hue,30,180,entity_12,validation,paraphrase,heldout
hue_triplet_607f65e019f5d52f74b8,hue_ad609c4b9c37121f7740,hue_dec9778a94a6435096c7,hue_279f20ac2371e5edf91d,circular_HSV_hue,30,180,entity_12,validation,paraphrase,heldout
hue_triplet_8b33101a98f700eabd8d,hue_dec9778a94a6435096c7,hue_a2f9fc4d90df90fb72e6,hue_5afc598e9ddb9901df16,circular_HSV_hue,30,180,entity_12,validation,paraphrase,heldout
hue_triplet_86092a564cf841dd48b8,hue_a2f9fc4d90df90fb72e6,hue_5356eebfeb696c218e32,hue_341854ccac190a6fcb07,circular_HSV_hue,30,180,entity_12,validation,paraphrase,heldout
hue_triplet_7f570626d6398325afbc,hue_5356eebfeb696c218e32,hue_bec339a812edf853a1c7,hue_99bba15b14667084135f,circular_HSV_hue,30,180,entity_12,validation,paraphrase,heldout
hue_triplet_edbcd8a882eb296f3829,hue_bec339a812edf853a1c7,hue_e76ca657a4b9f1c21c71,hue_3741a8e57f32226ba24f,circular_HSV_hue,30,180,entity_12,validation,paraphrase,heldout
hue_triplet_7a3892df1e4064a72f8f,hue_e76ca657a4b9f1c21c71,hue_279f20ac2371e5edf91d,hue_9155370d8bd68937139e,circular_HSV_hue,30,180,entity_12,validation,paraphrase,heldout
hue_triplet_de1b074c8c76bd96d905,hue_279f20ac2371e5edf91d,hue_5afc598e9ddb9901df16,hue_ad609c4b9c37121f7740,circular_HSV_hue,30,180,entity_12,validation,paraphrase,heldout
hue_triplet_c682bd2b207d65bbdf84,hue_3091e8eca7549a8e37c8,hue_ea3ece25b4dbcfb8010c,hue_b89b3f4e9458ae0ad5c6,circular_HSV_hue,30,180,entity_12,validation,reordered,heldout
hue_triplet_634c57b23040deacf2d0,hue_ea3ece25b4dbcfb8010c,hue_682bb93e6a9c4c0d17e0,hue_bfa1773ebdcee407d650,circular_HSV_hue,30,180,entity_12,validation,reordered,heldout
hue_triplet_dfbba871d0130a7e3ada,hue_682bb93e6a9c4c0d17e0,hue_1ea76b86a4dd17fee4d0,hue_07d7c5f6062e25267ca1,circular_HSV_hue,30,180,entity_12,validation,reordered,heldout
hue_triplet_762c5a6ddd89609d5613,hue_1ea76b86a4dd17fee4d0,hue_0ea3bf2256ce634050a8,hue_f04b1e73a0b5bd96e837,circular_HSV_hue,30,180,entity_12,validation,reordered,heldout
hue_triplet_2d036286723077f63aa6,hue_0ea3bf2256ce634050a8,hue_8ae42fbde716fef06d9d,hue_4da3a09943bae5f39dec,circular_HSV_hue,30,180,entity_12,validation,reordered,heldout
hue_triplet_fee61311c55279746c6e,hue_8ae42fbde716fef06d9d,hue_b89b3f4e9458ae0ad5c6,hue_1c962242b847ebd0823a,circular_HSV_hue,30,180,entity_12,validation,reordered,heldout
hue_triplet_1b686b013289a6f64742,hue_b89b3f4e9458ae0ad5c6,hue_bfa1773ebdcee407d650,hue_3091e8eca7549a8e37c8,circular_HSV_hue,30,180,entity_12,validation,reordered,heldout
hue_triplet_e3e9ec64c586e9755086,hue_bfa1773ebdcee407d650,hue_07d7c5f6062e25267ca1,hue_ea3ece25b4dbcfb8010c,circular_HSV_hue,30,180,entity_12,validation,reordered,heldout
hue_triplet_137530a3ef0b291f9451,hue_07d7c5f6062e25267ca1,hue_f04b1e73a0b5bd96e837,hue_682bb93e6a9c4c0d17e0,circular_HSV_hue,30,180,entity_12,validation,reordered,heldout
hue_triplet_22d62afa008892b4e8d0,hue_f04b1e73a0b5bd96e837,hue_4da3a09943bae5f39dec,hue_1ea76b86a4dd17fee4d0,circular_HSV_hue,30,180,entity_12,validation,reordered,heldout
hue_triplet_5158ef43d786430c0705,hue_4da3a09943bae5f39dec,hue_1c962242b847ebd0823a,hue_0ea3bf2256ce634050a8,circular_HSV_hue,30,180,entity_12,validation,reordered,heldout
hue_triplet_eb4e5f56b1eeab84d566,hue_1c962242b847ebd0823a,hue_3091e8eca7549a8e37c8,hue_8ae42fbde716fef06d9d,circular_HSV_hue,30,180,entity_12,validation,reordered,heldout
hue_triplet_51595e0a1c4fe946473b,hue_289d9eacf7c370d2062b,hue_70076293d50581aaf6c7,hue_ce802ed88058ee3feeeb,circular_HSV_hue,30,180,entity_13,train,plain,train
hue_triplet_4a022a2d12b77572614b,hue_70076293d50581aaf6c7,hue_6978e8743ce7a4a1ddab,hue_3a4e946ff61cc65f52e4,circular_HSV_hue,30,180,entity_13,train,plain,train
hue_triplet_42d07dd04b75cb210bc3,hue_6978e8743ce7a4a1ddab,hue_ae7e3e704132d7d8d3dc,hue_8d32c892dfb868bd71b1,circular_HSV_hue,30,180,entity_13,train,plain,train
hue_triplet_b4adcf56e4a999a23e37,hue_ae7e3e704132d7d8d3dc,hue_31f4614fd03799f58d49,hue_896d5e91d731aef20390,circular_HSV_hue,30,180,entity_13,train,plain,train
hue_triplet_91e2a6595c73a2446678,hue_31f4614fd03799f58d49,hue_45c36b0441143be61f94,hue_8da3c9f7f2bef0396e13,circular_HSV_hue,30,180,entity_13,train,plain,train
hue_triplet_109828161749bb67ad31,hue_45c36b0441143be61f94,hue_ce802ed88058ee3feeeb,hue_508d06250cb14df6641a,circular_HSV_hue,30,180,entity_13,train,plain,train
hue_triplet_b530b2f681d49891d723,hue_ce802ed88058ee3feeeb,hue_3a4e946ff61cc65f52e4,hue_289d9eacf7c370d2062b,circular_HSV_hue,30,180,entity_13,train,plain,train
hue_triplet_1dab853efbe318751e77,hue_3a4e946ff61cc65f52e4,hue_8d32c892dfb868bd71b1,hue_70076293d50581aaf6c7,circular_HSV_hue,30,180,entity_13,train,plain,train
hue_triplet_a1b74a1d9c3d242e0fb2,hue_8d32c892dfb868bd71b1,hue_896d5e91d731aef20390,hue_6978e8743ce7a4a1ddab,circular_HSV_hue,30,180,entity_13,train,plain,train
hue_triplet_c4186dfb951f84445330,hue_896d5e91d731aef20390,hue_8da3c9f7f2bef0396e13,hue_ae7e3e704132d7d8d3dc,circular_HSV_hue,30,180,entity_13,train,plain,train
hue_triplet_f5e52118c32074498cd4,hue_8da3c9f7f2bef0396e13,hue_508d06250cb14df6641a,hue_31f4614fd03799f58d49,circular_HSV_hue,30,180,entity_13,train,plain,train
hue_triplet_04dca21c499ce615d665,hue_508d06250cb14df6641a,hue_289d9eacf7c370d2062b,hue_45c36b0441143be61f94,circular_HSV_hue,30,180,entity_13,train,plain,train
hue_triplet_e492c9a7067f79000f19,hue_f37b968a6905233f452f,hue_ba43857b426973273515,hue_0479098718890ff02fdc,circular_HSV_hue,30,180,entity_13,train,numeric,train
hue_triplet_bc1a99c6fa094cc8e7b6,hue_ba43857b426973273515,hue_e04ec10f76315bbe8f4d,hue_1b07a1da518fcc8537cd,circular_HSV_hue,30,180,entity_13,train,numeric,train
hue_triplet_d2604bbd2c59d80a7165,hue_e04ec10f76315bbe8f4d,hue_0f0ef4107f176eb66299,hue_47e05f8c898450e3957f,circular_HSV_hue,30,180,entity_13,train,numeric,train
hue_triplet_7b268c4fc2a6c545abc3,hue_0f0ef4107f176eb66299,hue_8843b361c9e80b2a4dd5,hue_0ebceb8a26b12a38eae6,circular_HSV_hue,30,180,entity_13,train,numeric,train
hue_triplet_4d8bd7c9a0fb6c7f62e8,hue_8843b361c9e80b2a4dd5,hue_798bb0e29a9fbee5f541,hue_6555350cb05082cbad06,circular_HSV_hue,30,180,entity_13,train,numeric,train
hue_triplet_1c445e776790ebca2236,hue_798bb0e29a9fbee5f541,hue_0479098718890ff02fdc,hue_83870ebea9b82d52bed4,circular_HSV_hue,30,180,entity_13,train,numeric,train
hue_triplet_f3c5a0f3619ddde3e19f,hue_0479098718890ff02fdc,hue_1b07a1da518fcc8537cd,hue_f37b968a6905233f452f,circular_HSV_hue,30,180,entity_13,train,numeric,train
hue_triplet_08202dd0972bb79048ea,hue_1b07a1da518fcc8537cd,hue_47e05f8c898450e3957f,hue_ba43857b426973273515,circular_HSV_hue,30,180,entity_13,train,numeric,train
hue_triplet_484d86041e2bc4c54e4f,hue_47e05f8c898450e3957f,hue_0ebceb8a26b12a38eae6,hue_e04ec10f76315bbe8f4d,circular_HSV_hue,30,180,entity_13,train,numeric,train
hue_triplet_4e4d6abacd15a1cf7a3c,hue_0ebceb8a26b12a38eae6,hue_6555350cb05082cbad06,hue_0f0ef4107f176eb66299,circular_HSV_hue,30,180,entity_13,train,numeric,train
hue_triplet_2e2ff075f20537dbbc1c,hue_6555350cb05082cbad06,hue_83870ebea9b82d52bed4,hue_8843b361c9e80b2a4dd5,circular_HSV_hue,30,180,entity_13,train,numeric,train
hue_triplet_c26007aa9ec26c604c48,hue_83870ebea9b82d52bed4,hue_f37b968a6905233f452f,hue_798bb0e29a9fbee5f541,circular_HSV_hue,30,180,entity_13,train,numeric,train
hue_triplet_ae0a07976e39225ec9d0,hue_59d6572dfa16fba39672,hue_09a9d5c867498b27ce01,hue_ec8ff4fa749da4c52238,circular_HSV_hue,30,180,entity_13,train,paraphrase,heldout
hue_triplet_3884ccf3577396881736,hue_09a9d5c867498b27ce01,hue_b754e1585cc4231cccff,hue_bf27c8999c68b4108617,circular_HSV_hue,30,180,entity_13,train,paraphrase,heldout
hue_triplet_0a8d7ffd9c0d82735094,hue_b754e1585cc4231cccff,hue_20e1d885f761ac19398b,hue_9008e4fe5c973aacfdc9,circular_HSV_hue,30,180,entity_13,train,paraphrase,heldout
hue_triplet_c2abbc576e7c4ee44937,hue_20e1d885f761ac19398b,hue_cacc2bb85ca84662f539,hue_5cdf23def9cdd0eaef31,circular_HSV_hue,30,180,entity_13,train,paraphrase,heldout
hue_triplet_811126334307558122f0,hue_cacc2bb85ca84662f539,hue_d0777f377261ea4b5076,hue_d3536092f1e23b1cd1c9,circular_HSV_hue,30,180,entity_13,train,paraphrase,heldout
hue_triplet_75f6a00640010a83b36c,hue_d0777f377261ea4b5076,hue_ec8ff4fa749da4c52238,hue_83eda98255cc05e0bd01,circular_HSV_hue,30,180,entity_13,train,paraphrase,heldout
hue_triplet_8fa59cdeb02e7adaff90,hue_ec8ff4fa749da4c52238,hue_bf27c8999c68b4108617,hue_59d6572dfa16fba39672,circular_HSV_hue,30,180,entity_13,train,paraphrase,heldout
hue_triplet_840a20ac45311d0e692a,hue_bf27c8999c68b4108617,hue_9008e4fe5c973aacfdc9,hue_09a9d5c867498b27ce01,circular_HSV_hue,30,180,entity_13,train,paraphrase,heldout
hue_triplet_790be3479d280ff24386,hue_9008e4fe5c973aacfdc9,hue_5cdf23def9cdd0eaef31,hue_b754e1585cc4231cccff,circular_HSV_hue,30,180,entity_13,train,paraphrase,heldout
hue_triplet_7a760fe018d74f14600a,hue_5cdf23def9cdd0eaef31,hue_d3536092f1e23b1cd1c9,hue_20e1d885f761ac19398b,circular_HSV_hue,30,180,entity_13,train,paraphrase,heldout
hue_triplet_82dd2a24d7ca3fcbb1a2,hue_d3536092f1e23b1cd1c9,hue_83eda98255cc05e0bd01,hue_cacc2bb85ca84662f539,circular_HSV_hue,30,180,entity_13,train,paraphrase,heldout
hue_triplet_ac8bc16338577a06c8ee,hue_83eda98255cc05e0bd01,hue_59d6572dfa16fba39672,hue_d0777f377261ea4b5076,circular_HSV_hue,30,180,entity_13,train,paraphrase,heldout
hue_triplet_0a1733ea6428ca473853,hue_8075f0f33414c9d57e60,hue_1f30716ee3e77c11b7e3,hue_b73d5c155c77ac71607b,circular_HSV_hue,30,180,entity_13,train,reordered,heldout
hue_triplet_2b8e00aa58d225e7e686,hue_1f30716ee3e77c11b7e3,hue_14f62f1ffba1df504d7b,hue_2927b7ef6ae50cd47369,circular_HSV_hue,30,180,entity_13,train,reordered,heldout
hue_triplet_08793df871d1772a1777,hue_14f62f1ffba1df504d7b,hue_2932f2944005f322d35b,hue_454c8d57cb373d3056fc,circular_HSV_hue,30,180,entity_13,train,reordered,heldout
hue_triplet_56bd08a7cea5e551cab2,hue_2932f2944005f322d35b,hue_20af3fa9f9e178b1ae96,hue_e478789f1b087f43cb16,circular_HSV_hue,30,180,entity_13,train,reordered,heldout
hue_triplet_49b6a7595871e133ec6e,hue_20af3fa9f9e178b1ae96,hue_c316ad636422d4491a75,hue_68ccf1ce48791d3ba89a,circular_HSV_hue,30,180,entity_13,train,reordered,heldout
hue_triplet_b269ed107c290dde6886,hue_c316ad636422d4491a75,hue_b73d5c155c77ac71607b,hue_afb3242b11d8dc000b3c,circular_HSV_hue,30,180,entity_13,train,reordered,heldout
hue_triplet_8eafdd2b2aaa92d4c4bf,hue_b73d5c155c77ac71607b,hue_2927b7ef6ae50cd47369,hue_8075f0f33414c9d57e60,circular_HSV_hue,30,180,entity_13,train,reordered,heldout
hue_triplet_e6353a95a0a16a2603cd,hue_2927b7ef6ae50cd47369,hue_454c8d57cb373d3056fc,hue_1f30716ee3e77c11b7e3,circular_HSV_hue,30,180,entity_13,train,reordered,heldout
hue_triplet_4fa74e3b0cf3f63f4392,hue_454c8d57cb373d3056fc,hue_e478789f1b087f43cb16,hue_14f62f1ffba1df504d7b,circular_HSV_hue,30,180,entity_13,train,reordered,heldout
hue_triplet_9960a962b9466e0a23c8,hue_e478789f1b087f43cb16,hue_68ccf1ce48791d3ba89a,hue_2932f2944005f322d35b,circular_HSV_hue,30,180,entity_13,train,reordered,heldout
hue_triplet_73c2b154eb649ccf97c0,hue_68ccf1ce48791d3ba89a,hue_afb3242b11d8dc000b3c,hue_20af3fa9f9e178b1ae96,circular_HSV_hue,30,180,entity_13,train,reordered,heldout
hue_triplet_36086f8e4f082da0d018,hue_afb3242b11d8dc000b3c,hue_8075f0f33414c9d57e60,hue_c316ad636422d4491a75,circular_HSV_hue,30,180,entity_13,train,reordered,heldout
hue_triplet_2623745ba9aef0f4b7ad,hue_677f3d0419e19c2ed7a6,hue_2f85627eb20ea38233da,hue_72e23e71753378d02f6c,circular_HSV_hue,30,180,entity_14,train,plain,train
hue_triplet_6fcbfb7cf1a194bfa32f,hue_2f85627eb20ea38233da,hue_8270865e72f6dc457ca5,hue_d12845e5df5908a9d507,circular_HSV_hue,30,180,entity_14,train,plain,train
hue_triplet_f5b355ed3d0f8d7ced8c,hue_8270865e72f6dc457ca5,hue_af7f554ed27783934a0c,hue_4f1546ccf460aa64ddad,circular_HSV_hue,30,180,entity_14,train,plain,train
hue_triplet_ce810a198c6f3f256680,hue_af7f554ed27783934a0c,hue_ff28f1d7c18d8cc77abe,hue_633a208f294b397648d2,circular_HSV_hue,30,180,entity_14,train,plain,train
hue_triplet_f78f38020659bef5ddda,hue_ff28f1d7c18d8cc77abe,hue_5270ef330c8513dc2097,hue_e70f163399dab69196e4,circular_HSV_hue,30,180,entity_14,train,plain,train
hue_triplet_bc562b8b1bc2d9575ec4,hue_5270ef330c8513dc2097,hue_72e23e71753378d02f6c,hue_5fb42a821efa32376446,circular_HSV_hue,30,180,entity_14,train,plain,train
hue_triplet_c773cc9c379590fbb118,hue_72e23e71753378d02f6c,hue_d12845e5df5908a9d507,hue_677f3d0419e19c2ed7a6,circular_HSV_hue,30,180,entity_14,train,plain,train
hue_triplet_0bee2bc0d31a21154500,hue_d12845e5df5908a9d507,hue_4f1546ccf460aa64ddad,hue_2f85627eb20ea38233da,circular_HSV_hue,30,180,entity_14,train,plain,train
hue_triplet_ca64e8a525f00ad6c4d3,hue_4f1546ccf460aa64ddad,hue_633a208f294b397648d2,hue_8270865e72f6dc457ca5,circular_HSV_hue,30,180,entity_14,train,plain,train
hue_triplet_ba3f77791dde0d1cdbb6,hue_633a208f294b397648d2,hue_e70f163399dab69196e4,hue_af7f554ed27783934a0c,circular_HSV_hue,30,180,entity_14,train,plain,train
hue_triplet_2029bcfa0e2e372503de,hue_e70f163399dab69196e4,hue_5fb42a821efa32376446,hue_ff28f1d7c18d8cc77abe,circular_HSV_hue,30,180,entity_14,train,plain,train
hue_triplet_8b4ab8e6d25c1b72806f,hue_5fb42a821efa32376446,hue_677f3d0419e19c2ed7a6,hue_5270ef330c8513dc2097,circular_HSV_hue,30,180,entity_14,train,plain,train
hue_triplet_5f6be292fa2654caa4f5,hue_c603c6dc7a3052ce81d8,hue_aa415ed9ec7138c4a0e7,hue_ac1628e87aea8c76e285,circular_HSV_hue,30,180,entity_14,train,numeric,train
hue_triplet_b4a3c6f0f450bb3127ec,hue_aa415ed9ec7138c4a0e7,hue_c9cbfda9e8abe7413b82,hue_d2e925665c3712fad329,circular_HSV_hue,30,180,entity_14,train,numeric,train
hue_triplet_87125a399aead5fca15c,hue_c9cbfda9e8abe7413b82,hue_6c0260c19320bb90c23a,hue_e9df0f27531bae200d21,circular_HSV_hue,30,180,entity_14,train,numeric,train
hue_triplet_6efaff1110f85aab5abb,hue_6c0260c19320bb90c23a,hue_cc7a90830f54f89d5dda,hue_fbd9c01598512ec5f814,circular_HSV_hue,30,180,entity_14,train,numeric,train
hue_triplet_b526c8cf48a5a75ce2b6,hue_cc7a90830f54f89d5dda,hue_2ed4218b70ff0ca7342e,hue_767b232f6ac474a2d3d8,circular_HSV_hue,30,180,entity_14,train,numeric,train
hue_triplet_f84110c9500a056bfbb6,hue_2ed4218b70ff0ca7342e,hue_ac1628e87aea8c76e285,hue_66cd5573c612cc2ef1b2,circular_HSV_hue,30,180,entity_14,train,numeric,train
hue_triplet_437e58a009e9046319a1,hue_ac1628e87aea8c76e285,hue_d2e925665c3712fad329,hue_c603c6dc7a3052ce81d8,circular_HSV_hue,30,180,entity_14,train,numeric,train
hue_triplet_bab21a5af65b2b9840dd,hue_d2e925665c3712fad329,hue_e9df0f27531bae200d21,hue_aa415ed9ec7138c4a0e7,circular_HSV_hue,30,180,entity_14,train,numeric,train
hue_triplet_5600471b79fa852dbf36,hue_e9df0f27531bae200d21,hue_fbd9c01598512ec5f814,hue_c9cbfda9e8abe7413b82,circular_HSV_hue,30,180,entity_14,train,numeric,train
hue_triplet_aa847a2394b2822846d2,hue_fbd9c01598512ec5f814,hue_767b232f6ac474a2d3d8,hue_6c0260c19320bb90c23a,circular_HSV_hue,30,180,entity_14,train,numeric,train
hue_triplet_a7b7e4f6faf0cb673a05,hue_767b232f6ac474a2d3d8,hue_66cd5573c612cc2ef1b2,hue_cc7a90830f54f89d5dda,circular_HSV_hue,30,180,entity_14,train,numeric,train
hue_triplet_048fe42c35e109c13e86,hue_66cd5573c612cc2ef1b2,hue_c603c6dc7a3052ce81d8,hue_2ed4218b70ff0ca7342e,circular_HSV_hue,30,180,entity_14,train,numeric,train
hue_triplet_55377b207864c755d7ea,hue_8309eb3551b580310d2c,hue_ea2b6bc42800d98e77aa,hue_cf97f70cc81a6903a005,circular_HSV_hue,30,180,entity_14,train,paraphrase,heldout
hue_triplet_6a7d04d7f48f02155e65,hue_ea2b6bc42800d98e77aa,hue_2048e8fc11f9ad82d41c,hue_e764718875080765efee,circular_HSV_hue,30,180,entity_14,train,paraphrase,heldout
hue_triplet_b90768046ed01c6ad45d,hue_2048e8fc11f9ad82d41c,hue_28aa90dcf5f44382190d,hue_afad99fb35acef69898a,circular_HSV_hue,30,180,entity_14,train,paraphrase,heldout
hue_triplet_eb2ede0f2a5125b297aa,hue_28aa90dcf5f44382190d,hue_1b87d6b6a962c83f8ead,hue_7f39a69abc5b57d44476,circular_HSV_hue,30,180,entity_14,train,paraphrase,heldout
hue_triplet_e7ab1bec07f74752d076,hue_1b87d6b6a962c83f8ead,hue_3ad940fe0d0556cbb18e,hue_28b10aeeb9cf8aeb72a4,circular_HSV_hue,30,180,entity_14,train,paraphrase,heldout
hue_triplet_1f9b226601abfca139f5,hue_3ad940fe0d0556cbb18e,hue_cf97f70cc81a6903a005,hue_4851f0d185e610c03ad8,circular_HSV_hue,30,180,entity_14,train,paraphrase,heldout
hue_triplet_6293e1dfccc4a6de454c,hue_cf97f70cc81a6903a005,hue_e764718875080765efee,hue_8309eb3551b580310d2c,circular_HSV_hue,30,180,entity_14,train,paraphrase,heldout
hue_triplet_b08beb9ac7dd409c7fab,hue_e764718875080765efee,hue_afad99fb35acef69898a,hue_ea2b6bc42800d98e77aa,circular_HSV_hue,30,180,entity_14,train,paraphrase,heldout
hue_triplet_69b56e0214934519235a,hue_afad99fb35acef69898a,hue_7f39a69abc5b57d44476,hue_2048e8fc11f9ad82d41c,circular_HSV_hue,30,180,entity_14,train,paraphrase,heldout
hue_triplet_e4a6c50b1b8db865b54b,hue_7f39a69abc5b57d44476,hue_28b10aeeb9cf8aeb72a4,hue_28aa90dcf5f44382190d,circular_HSV_hue,30,180,entity_14,train,paraphrase,heldout
hue_triplet_d7792d504b3b65551c88,hue_28b10aeeb9cf8aeb72a4,hue_4851f0d185e610c03ad8,hue_1b87d6b6a962c83f8ead,circular_HSV_hue,30,180,entity_14,train,paraphrase,heldout
hue_triplet_3d11998f6205ce2a3d9f,hue_4851f0d185e610c03ad8,hue_8309eb3551b580310d2c,hue_3ad940fe0d0556cbb18e,circular_HSV_hue,30,180,entity_14,train,paraphrase,heldout
hue_triplet_10cff45aec3117ded7ed,hue_69f5b63a989c813a7570,hue_2b7e1810ef8a4824262b,hue_7ed4be64a4c8b262ea77,circular_HSV_hue,30,180,entity_14,train,reordered,heldout
hue_triplet_24daad69549f9cfa78c7,hue_2b7e1810ef8a4824262b,hue_ecf07133a1584b616117,hue_bf7568bfeadbeafd04c3,circular_HSV_hue,30,180,entity_14,train,reordered,heldout
hue_triplet_e450a10bce90cae1ccf3,hue_ecf07133a1584b616117,hue_78d0630130905f4e7ac9,hue_ac0c821204f8382df10a,circular_HSV_hue,30,180,entity_14,train,reordered,heldout
hue_triplet_5b875434e939d7f048b5,hue_78d0630130905f4e7ac9,hue_ab57329c666969cd0d54,hue_c338d7d64bccbcaa2a55,circular_HSV_hue,30,180,entity_14,train,reordered,heldout
hue_triplet_30fa3e28f566c2a836ee,hue_ab57329c666969cd0d54,hue_10c7de15371171808f62,hue_b242eb935afd04a99f9a,circular_HSV_hue,30,180,entity_14,train,reordered,heldout
hue_triplet_5cb4620b3ff333bd5111,hue_10c7de15371171808f62,hue_7ed4be64a4c8b262ea77,hue_91467d9c63604197d2c0,circular_HSV_hue,30,180,entity_14,train,reordered,heldout
hue_triplet_1d87de08dd3e8a7cd7db,hue_7ed4be64a4c8b262ea77,hue_bf7568bfeadbeafd04c3,hue_69f5b63a989c813a7570,circular_HSV_hue,30,180,entity_14,train,reordered,heldout
hue_triplet_403b03d0165a944d47a1,hue_bf7568bfeadbeafd04c3,hue_ac0c821204f8382df10a,hue_2b7e1810ef8a4824262b,circular_HSV_hue,30,180,entity_14,train,reordered,heldout
hue_triplet_fcd103299617f21a8afb,hue_ac0c821204f8382df10a,hue_c338d7d64bccbcaa2a55,hue_ecf07133a1584b616117,circular_HSV_hue,30,180,entity_14,train,reordered,heldout
hue_triplet_b0775299926aacf114a3,hue_c338d7d64bccbcaa2a55,hue_b242eb935afd04a99f9a,hue_78d0630130905f4e7ac9,circular_HSV_hue,30,180,entity_14,train,reordered,heldout
hue_triplet_679c3723541217158573,hue_b242eb935afd04a99f9a,hue_91467d9c63604197d2c0,hue_ab57329c666969cd0d54,circular_HSV_hue,30,180,entity_14,train,reordered,heldout
hue_triplet_4d77e2454f6213cd14fe,hue_91467d9c63604197d2c0,hue_69f5b63a989c813a7570,hue_10c7de15371171808f62,circular_HSV_hue,30,180,entity_14,train,reordered,heldout
hue_triplet_b21f4a466c8cfbb2f094,hue_b89fc94e33b2b0fa4576,hue_f490dbf7fcbbb95ce2bb,hue_5ca8cc95d5de955fa5fa,circular_HSV_hue,30,180,entity_15,train,plain,train
hue_triplet_aa6979530959568a653b,hue_f490dbf7fcbbb95ce2bb,hue_b0e6cb06e4718aa39060,hue_550b6c788cf83f698c98,circular_HSV_hue,30,180,entity_15,train,plain,train
hue_triplet_aadfb1ee31c36561d56d,hue_b0e6cb06e4718aa39060,hue_6b489cebbb1e6bcbdf89,hue_aad31328f6f4249a4ddc,circular_HSV_hue,30,180,entity_15,train,plain,train
hue_triplet_0c64f2fe400a7102917c,hue_6b489cebbb1e6bcbdf89,hue_c44d33f022fe2e95a3b6,hue_12a1f4a16898ea58b288,circular_HSV_hue,30,180,entity_15,train,plain,train
hue_triplet_c09c393c286bc6b3c337,hue_c44d33f022fe2e95a3b6,hue_b2148b371db8d11859a5,hue_42d38efe5fabd820f254,circular_HSV_hue,30,180,entity_15,train,plain,train
hue_triplet_d3bbaf1fd6c6ef267526,hue_b2148b371db8d11859a5,hue_5ca8cc95d5de955fa5fa,hue_1153a874f59e66bd7ee6,circular_HSV_hue,30,180,entity_15,train,plain,train
hue_triplet_37c8ecd550118d93c3a8,hue_5ca8cc95d5de955fa5fa,hue_550b6c788cf83f698c98,hue_b89fc94e33b2b0fa4576,circular_HSV_hue,30,180,entity_15,train,plain,train
hue_triplet_c602e86552ab76ae4741,hue_550b6c788cf83f698c98,hue_aad31328f6f4249a4ddc,hue_f490dbf7fcbbb95ce2bb,circular_HSV_hue,30,180,entity_15,train,plain,train
hue_triplet_9500f26acb0c22aa02f4,hue_aad31328f6f4249a4ddc,hue_12a1f4a16898ea58b288,hue_b0e6cb06e4718aa39060,circular_HSV_hue,30,180,entity_15,train,plain,train
hue_triplet_513528c7610c2642e8f3,hue_12a1f4a16898ea58b288,hue_42d38efe5fabd820f254,hue_6b489cebbb1e6bcbdf89,circular_HSV_hue,30,180,entity_15,train,plain,train
hue_triplet_3b79bb2f28f175a0a7a8,hue_42d38efe5fabd820f254,hue_1153a874f59e66bd7ee6,hue_c44d33f022fe2e95a3b6,circular_HSV_hue,30,180,entity_15,train,plain,train
hue_triplet_add32730bcb1e9ac6a7c,hue_1153a874f59e66bd7ee6,hue_b89fc94e33b2b0fa4576,hue_b2148b371db8d11859a5,circular_HSV_hue,30,180,entity_15,train,plain,train
hue_triplet_23112a10ff35e50fbc61,hue_ff5e67dadfdf4104c76d,hue_b91d04222223ab98b035,hue_791c18054ae7ae389280,circular_HSV_hue,30,180,entity_15,train,numeric,train
hue_triplet_7654ec9223764182af78,hue_b91d04222223ab98b035,hue_c6a99bf077bd040a3908,hue_d58b0f8e3caa9bd53975,circular_HSV_hue,30,180,entity_15,train,numeric,train
hue_triplet_52cfeb4967341450f3e7,hue_c6a99bf077bd040a3908,hue_c88bd0337afb12a1abe3,hue_0087d46e4783b1b3dd41,circular_HSV_hue,30,180,entity_15,train,numeric,train
hue_triplet_7ed521d8f0ec3f45b816,hue_c88bd0337afb12a1abe3,hue_9bed961625096886c431,hue_2e06a87aa97a395cf206,circular_HSV_hue,30,180,entity_15,train,numeric,train
hue_triplet_856550e1485dd2d6ca1c,hue_9bed961625096886c431,hue_34a3521b1d92d20dde66,hue_4aad9ff3558f936210a2,circular_HSV_hue,30,180,entity_15,train,numeric,train
hue_triplet_04780f764bc23c893833,hue_34a3521b1d92d20dde66,hue_791c18054ae7ae389280,hue_a00d50873c241f85692c,circular_HSV_hue,30,180,entity_15,train,numeric,train
hue_triplet_b20563de9fe06c88fa83,hue_791c18054ae7ae389280,hue_d58b0f8e3caa9bd53975,hue_ff5e67dadfdf4104c76d,circular_HSV_hue,30,180,entity_15,train,numeric,train
hue_triplet_c3a50611c7e7d458992b,hue_d58b0f8e3caa9bd53975,hue_0087d46e4783b1b3dd41,hue_b91d04222223ab98b035,circular_HSV_hue,30,180,entity_15,train,numeric,train
hue_triplet_847b910d054f8180a8c2,hue_0087d46e4783b1b3dd41,hue_2e06a87aa97a395cf206,hue_c6a99bf077bd040a3908,circular_HSV_hue,30,180,entity_15,train,numeric,train
hue_triplet_eb700c5e8c7ec65ad8c7,hue_2e06a87aa97a395cf206,hue_4aad9ff3558f936210a2,hue_c88bd0337afb12a1abe3,circular_HSV_hue,30,180,entity_15,train,numeric,train
hue_triplet_07be94609dc85a8dfea6,hue_4aad9ff3558f936210a2,hue_a00d50873c241f85692c,hue_9bed961625096886c431,circular_HSV_hue,30,180,entity_15,train,numeric,train
hue_triplet_03c0c07e674e8cce58e8,hue_a00d50873c241f85692c,hue_ff5e67dadfdf4104c76d,hue_34a3521b1d92d20dde66,circular_HSV_hue,30,180,entity_15,train,numeric,train
hue_triplet_0542da408752fbc60910,hue_1cf439b020a25d7c1364,hue_bf636f3001d2d4a14082,hue_2f471d115198f34b6f7a,circular_HSV_hue,30,180,entity_15,train,paraphrase,heldout
hue_triplet_10b65aa880df0e595045,hue_bf636f3001d2d4a14082,hue_1dfd6d46fb259156b4f9,hue_2d2e9100f861d6ace2dd,circular_HSV_hue,30,180,entity_15,train,paraphrase,heldout
hue_triplet_a04097de7a62adae14ad,hue_1dfd6d46fb259156b4f9,hue_4f7ee19a24b86adaa893,hue_a7fa3f9fea6ed6689e8f,circular_HSV_hue,30,180,entity_15,train,paraphrase,heldout
hue_triplet_939043df0cb21659f2bb,hue_4f7ee19a24b86adaa893,hue_6941c3eb42d610e18976,hue_c0c40ae53a09d1604df6,circular_HSV_hue,30,180,entity_15,train,paraphrase,heldout
hue_triplet_810beaf035220df7f16c,hue_6941c3eb42d610e18976,hue_530c42fc49d8af3be18d,hue_ed3d043753d801d0c1c7,circular_HSV_hue,30,180,entity_15,train,paraphrase,heldout
hue_triplet_b1c3b917be7b047c8f32,hue_530c42fc49d8af3be18d,hue_2f471d115198f34b6f7a,hue_fa6fb0e5c132da3028f6,circular_HSV_hue,30,180,entity_15,train,paraphrase,heldout
hue_triplet_ff926e67ceade15cf1c6,hue_2f471d115198f34b6f7a,hue_2d2e9100f861d6ace2dd,hue_1cf439b020a25d7c1364,circular_HSV_hue,30,180,entity_15,train,paraphrase,heldout
hue_triplet_420e8e0910b055237698,hue_2d2e9100f861d6ace2dd,hue_a7fa3f9fea6ed6689e8f,hue_bf636f3001d2d4a14082,circular_HSV_hue,30,180,entity_15,train,paraphrase,heldout
hue_triplet_c78d2b808eed8175df50,hue_a7fa3f9fea6ed6689e8f,hue_c0c40ae53a09d1604df6,hue_1dfd6d46fb259156b4f9,circular_HSV_hue,30,180,entity_15,train,paraphrase,heldout
hue_triplet_6c59b3828c63aedfff5b,hue_c0c40ae53a09d1604df6,hue_ed3d043753d801d0c1c7,hue_4f7ee19a24b86adaa893,circular_HSV_hue,30,180,entity_15,train,paraphrase,heldout
hue_triplet_a7860f64c40a5e1fd4e5,hue_ed3d043753d801d0c1c7,hue_fa6fb0e5c132da3028f6,hue_6941c3eb42d610e18976,circular_HSV_hue,30,180,entity_15,train,paraphrase,heldout
hue_triplet_f4b5e207845047638c9e,hue_fa6fb0e5c132da3028f6,hue_1cf439b020a25d7c1364,hue_530c42fc49d8af3be18d,circular_HSV_hue,30,180,entity_15,train,paraphrase,heldout
hue_triplet_7c0717536a97c4f36d00,hue_06867fe5a6910f4b571f,hue_ad0de0f731b617896796,hue_d26fa4a0b59c5bfb4e6e,circular_HSV_hue,30,180,entity_15,train,reordered,heldout
hue_triplet_31c70aeebc025f62960e,hue_ad0de0f731b617896796,hue_c0478b6b31ecfc000d6d,hue_cbc7fa4001fa1426fe57,circular_HSV_hue,30,180,entity_15,train,reordered,heldout
hue_triplet_4e62a5fb3f8b376b341b,hue_c0478b6b31ecfc000d6d,hue_2f0dea9225961de1104e,hue_0c35c3c0e19bbafb16b2,circular_HSV_hue,30,180,entity_15,train,reordered,heldout
hue_triplet_f5771b70bde3436eda07,hue_2f0dea9225961de1104e,hue_c58a83b5efe20c91063a,hue_50b03bf1afae343f9026,circular_HSV_hue,30,180,entity_15,train,reordered,heldout
hue_triplet_058385e6ec3a121f4f47,hue_c58a83b5efe20c91063a,hue_a8cea13eb755fcc40258,hue_f5690649636645d3cb8d,circular_HSV_hue,30,180,entity_15,train,reordered,heldout
hue_triplet_ae0d3db4318f5d32230f,hue_a8cea13eb755fcc40258,hue_d26fa4a0b59c5bfb4e6e,hue_4dea7b43325cd972b80a,circular_HSV_hue,30,180,entity_15,train,reordered,heldout
hue_triplet_36a34088d70ddaa0e88e,hue_d26fa4a0b59c5bfb4e6e,hue_cbc7fa4001fa1426fe57,hue_06867fe5a6910f4b571f,circular_HSV_hue,30,180,entity_15,train,reordered,heldout
hue_triplet_fa053a8a261177e26fbb,hue_cbc7fa4001fa1426fe57,hue_0c35c3c0e19bbafb16b2,hue_ad0de0f731b617896796,circular_HSV_hue,30,180,entity_15,train,reordered,heldout
hue_triplet_2387e50e49db1b785d56,hue_0c35c3c0e19bbafb16b2,hue_50b03bf1afae343f9026,hue_c0478b6b31ecfc000d6d,circular_HSV_hue,30,180,entity_15,train,reordered,heldout
hue_triplet_46c5d37fe2b9390dfff2,hue_50b03bf1afae343f9026,hue_f5690649636645d3cb8d,hue_2f0dea9225961de1104e,circular_HSV_hue,30,180,entity_15,train,reordered,heldout
hue_triplet_c9d1078f4023494a1844,hue_f5690649636645d3cb8d,hue_4dea7b43325cd972b80a,hue_c58a83b5efe20c91063a,circular_HSV_hue,30,180,entity_15,train,reordered,heldout
hue_triplet_c9a82f1bf00b3cd50728,hue_4dea7b43325cd972b80a,hue_06867fe5a6910f4b571f,hue_a8cea13eb755fcc40258,circular_HSV_hue,30,180,entity_15,train,reordered,heldout
hue_triplet_b0439579c00a722ff2ff,hue_78958094ad88ef6d9ca0,hue_509a650d9e507b1266f2,hue_95881650a655472faa26,circular_HSV_hue,30,180,entity_16,train,plain,train
hue_triplet_ad4bd7b6ffc6960ebc3e,hue_509a650d9e507b1266f2,hue_0930e3378911bd30cf14,hue_4fe76dd0a9da4f90da19,circular_HSV_hue,30,180,entity_16,train,plain,train
hue_triplet_c60f3b4fcfe7d21f5cb5,hue_0930e3378911bd30cf14,hue_ef96b0cc25b56bc4a9ce,hue_fac843531b2336f0151b,circular_HSV_hue,30,180,entity_16,train,plain,train
hue_triplet_bd45e203d512e893d9f6,hue_ef96b0cc25b56bc4a9ce,hue_20cd4b2905b61c6471e9,hue_a3c5cbbd98acf25994be,circular_HSV_hue,30,180,entity_16,train,plain,train
hue_triplet_34bdc73e7375d5fcbaa8,hue_20cd4b2905b61c6471e9,hue_49574980024d765f13ff,hue_aba52c54b9ffea7dea2f,circular_HSV_hue,30,180,entity_16,train,plain,train
hue_triplet_f5abe65e85e2ce50c192,hue_49574980024d765f13ff,hue_95881650a655472faa26,hue_44082cea0d6f2aac7960,circular_HSV_hue,30,180,entity_16,train,plain,train
hue_triplet_dc3d3e379005ae4752c5,hue_95881650a655472faa26,hue_4fe76dd0a9da4f90da19,hue_78958094ad88ef6d9ca0,circular_HSV_hue,30,180,entity_16,train,plain,train
hue_triplet_bd666a67745e508740e2,hue_4fe76dd0a9da4f90da19,hue_fac843531b2336f0151b,hue_509a650d9e507b1266f2,circular_HSV_hue,30,180,entity_16,train,plain,train
hue_triplet_853275abb83f594af4dd,hue_fac843531b2336f0151b,hue_a3c5cbbd98acf25994be,hue_0930e3378911bd30cf14,circular_HSV_hue,30,180,entity_16,train,plain,train
hue_triplet_41a0addca79025ec84a1,hue_a3c5cbbd98acf25994be,hue_aba52c54b9ffea7dea2f,hue_ef96b0cc25b56bc4a9ce,circular_HSV_hue,30,180,entity_16,train,plain,train
hue_triplet_967acd3da3a9ecd30efa,hue_aba52c54b9ffea7dea2f,hue_44082cea0d6f2aac7960,hue_20cd4b2905b61c6471e9,circular_HSV_hue,30,180,entity_16,train,plain,train
hue_triplet_4591ef31d8dff149d1af,hue_44082cea0d6f2aac7960,hue_78958094ad88ef6d9ca0,hue_49574980024d765f13ff,circular_HSV_hue,30,180,entity_16,train,plain,train
hue_triplet_766cab645f793e13492a,hue_c3f8201087346a42de02,hue_ca5454374b41d71f30aa,hue_71c4acbf5fd0353ba698,circular_HSV_hue,30,180,entity_16,train,numeric,train
hue_triplet_52ad24d4225390b4ee1a,hue_ca5454374b41d71f30aa,hue_5900085baf62d469dd41,hue_c14dcc44cfae6e54df85,circular_HSV_hue,30,180,entity_16,train,numeric,train
hue_triplet_eee5e52c6708b46583c7,hue_5900085baf62d469dd41,hue_00dd4bb64f8753fe2f24,hue_83fc251ca907426adf49,circular_HSV_hue,30,180,entity_16,train,numeric,train
hue_triplet_9d698213f226ec02337b,hue_00dd4bb64f8753fe2f24,hue_a5644eb4956cca1047d7,hue_1f75bf4d9da60b425e7a,circular_HSV_hue,30,180,entity_16,train,numeric,train
hue_triplet_c571a45afbcd020bf19a,hue_a5644eb4956cca1047d7,hue_3cc312159262f2e08bb1,hue_8f3458c4b642f5399681,circular_HSV_hue,30,180,entity_16,train,numeric,train
hue_triplet_3581093ca34863f73ccf,hue_3cc312159262f2e08bb1,hue_71c4acbf5fd0353ba698,hue_d880bd21f54c325c87fd,circular_HSV_hue,30,180,entity_16,train,numeric,train
hue_triplet_ef86e7dcc6044447181e,hue_71c4acbf5fd0353ba698,hue_c14dcc44cfae6e54df85,hue_c3f8201087346a42de02,circular_HSV_hue,30,180,entity_16,train,numeric,train
hue_triplet_31c20b95902ad8a3be47,hue_c14dcc44cfae6e54df85,hue_83fc251ca907426adf49,hue_ca5454374b41d71f30aa,circular_HSV_hue,30,180,entity_16,train,numeric,train
hue_triplet_c616b86a5bb611cd3ed4,hue_83fc251ca907426adf49,hue_1f75bf4d9da60b425e7a,hue_5900085baf62d469dd41,circular_HSV_hue,30,180,entity_16,train,numeric,train
hue_triplet_b3fad148f80608b49396,hue_1f75bf4d9da60b425e7a,hue_8f3458c4b642f5399681,hue_00dd4bb64f8753fe2f24,circular_HSV_hue,30,180,entity_16,train,numeric,train
hue_triplet_7cbf3b7db1ba11b6691c,hue_8f3458c4b642f5399681,hue_d880bd21f54c325c87fd,hue_a5644eb4956cca1047d7,circular_HSV_hue,30,180,entity_16,train,numeric,train
hue_triplet_e89393b90b257be58514,hue_d880bd21f54c325c87fd,hue_c3f8201087346a42de02,hue_3cc312159262f2e08bb1,circular_HSV_hue,30,180,entity_16,train,numeric,train
hue_triplet_ec4dd3ff11654046e0da,hue_1fddf105d5f464072754,hue_b51cf843d110ade9998d,hue_2c1bd85f2a80fb263085,circular_HSV_hue,30,180,entity_16,train,paraphrase,heldout
hue_triplet_c8ad1087e0e7c2b696a8,hue_b51cf843d110ade9998d,hue_9d6e7f251dddc99ac3d9,hue_1f013487a5d0168c71a5,circular_HSV_hue,30,180,entity_16,train,paraphrase,heldout
hue_triplet_1766c47b0f4cee8dc38e,hue_9d6e7f251dddc99ac3d9,hue_d4b5b19ace795bbf265f,hue_2ce409abe7dd17775765,circular_HSV_hue,30,180,entity_16,train,paraphrase,heldout
hue_triplet_6c10bd02458969e3f543,hue_d4b5b19ace795bbf265f,hue_c45470bd2138d0c60214,hue_420aa7d29513b3cef76f,circular_HSV_hue,30,180,entity_16,train,paraphrase,heldout
hue_triplet_278840b50ea663200f88,hue_c45470bd2138d0c60214,hue_90c022d432c6bd9231e8,hue_9c943f4da4c3bf93663b,circular_HSV_hue,30,180,entity_16,train,paraphrase,heldout
hue_triplet_2b9d57b0136b4ad2011c,hue_90c022d432c6bd9231e8,hue_2c1bd85f2a80fb263085,hue_d2d0c1fd70cca26affe6,circular_HSV_hue,30,180,entity_16,train,paraphrase,heldout
hue_triplet_c12fb97136b1d01e95ba,hue_2c1bd85f2a80fb263085,hue_1f013487a5d0168c71a5,hue_1fddf105d5f464072754,circular_HSV_hue,30,180,entity_16,train,paraphrase,heldout
hue_triplet_ae680eb96d0155d17533,hue_1f013487a5d0168c71a5,hue_2ce409abe7dd17775765,hue_b51cf843d110ade9998d,circular_HSV_hue,30,180,entity_16,train,paraphrase,heldout
hue_triplet_9cd299d7e6fa14a21988,hue_2ce409abe7dd17775765,hue_420aa7d29513b3cef76f,hue_9d6e7f251dddc99ac3d9,circular_HSV_hue,30,180,entity_16,train,paraphrase,heldout
hue_triplet_7eca6c496055b1743f4a,hue_420aa7d29513b3cef76f,hue_9c943f4da4c3bf93663b,hue_d4b5b19ace795bbf265f,circular_HSV_hue,30,180,entity_16,train,paraphrase,heldout
hue_triplet_7f06bfd154ea12d961a0,hue_9c943f4da4c3bf93663b,hue_d2d0c1fd70cca26affe6,hue_c45470bd2138d0c60214,circular_HSV_hue,30,180,entity_16,train,paraphrase,heldout
hue_triplet_b2c14cf8bbf6da78a49c,hue_d2d0c1fd70cca26affe6,hue_1fddf105d5f464072754,hue_90c022d432c6bd9231e8,circular_HSV_hue,30,180,entity_16,train,paraphrase,heldout
hue_triplet_dd0d6cd3e337b4cf0a75,hue_cd726140c024c12680d0,hue_ba85e0e661b2494c3e65,hue_4095fe4c84fbb1868480,circular_HSV_hue,30,180,entity_16,train,reordered,heldout
hue_triplet_cff3ec088e2d5a262453,hue_ba85e0e661b2494c3e65,hue_97b42704c5a1f0613a86,hue_e8bd0be0516e572755d8,circular_HSV_hue,30,180,entity_16,train,reordered,heldout
hue_triplet_00ce3ab7e0699d287ad5,hue_97b42704c5a1f0613a86,hue_a2be3f960ab03176798b,hue_7aa0da06d54821acff1e,circular_HSV_hue,30,180,entity_16,train,reordered,heldout
hue_triplet_0cb12f44ed13631f33a4,hue_a2be3f960ab03176798b,hue_83881a4903a0ebac03fb,hue_84e04f7e060da2c205eb,circular_HSV_hue,30,180,entity_16,train,reordered,heldout
hue_triplet_4f2b1774667e96fd8ee9,hue_83881a4903a0ebac03fb,hue_614df11ac3347673b453,hue_6ddd7d7cd321bf9800f2,circular_HSV_hue,30,180,entity_16,train,reordered,heldout
hue_triplet_6efef0fde3db81a32907,hue_614df11ac3347673b453,hue_4095fe4c84fbb1868480,hue_4eeb1aaa33d8a1563bd3,circular_HSV_hue,30,180,entity_16,train,reordered,heldout
hue_triplet_44014cac66ad3731b539,hue_4095fe4c84fbb1868480,hue_e8bd0be0516e572755d8,hue_cd726140c024c12680d0,circular_HSV_hue,30,180,entity_16,train,reordered,heldout
hue_triplet_08188f69bad4a50c48f7,hue_e8bd0be0516e572755d8,hue_7aa0da06d54821acff1e,hue_ba85e0e661b2494c3e65,circular_HSV_hue,30,180,entity_16,train,reordered,heldout
hue_triplet_229d672cebb951d4831a,hue_7aa0da06d54821acff1e,hue_84e04f7e060da2c205eb,hue_97b42704c5a1f0613a86,circular_HSV_hue,30,180,entity_16,train,reordered,heldout
hue_triplet_ddb99c2bfd5ede96ea83,hue_84e04f7e060da2c205eb,hue_6ddd7d7cd321bf9800f2,hue_a2be3f960ab03176798b,circular_HSV_hue,30,180,entity_16,train,reordered,heldout
hue_triplet_84bc3e9c943660034cf7,hue_6ddd7d7cd321bf9800f2,hue_4eeb1aaa33d8a1563bd3,hue_83881a4903a0ebac03fb,circular_HSV_hue,30,180,entity_16,train,reordered,heldout
hue_triplet_f7e1a64c261f2306e4d5,hue_4eeb1aaa33d8a1563bd3,hue_cd726140c024c12680d0,hue_614df11ac3347673b453,circular_HSV_hue,30,180,entity_16,train,reordered,heldout
hue_triplet_bfa2950d49484cfe0c5e,hue_83a98ad913f9f4cad75f,hue_aa4a87d6632b3cb97459,hue_b9c04e6c4df751c5a813,circular_HSV_hue,30,180,entity_17,test,plain,train
hue_triplet_f4ae02128a65749d8e0b,hue_aa4a87d6632b3cb97459,hue_a54447f8820ed5a9fd4d,hue_45bb89ec4d0799a9a820,circular_HSV_hue,30,180,entity_17,test,plain,train
hue_triplet_677974d582ef7acc5655,hue_a54447f8820ed5a9fd4d,hue_31f3e4c012f2808d2b7c,hue_4ed7cd8ee5650ce06dc7,circular_HSV_hue,30,180,entity_17,test,plain,train
hue_triplet_fc49fa4031d647f63a4a,hue_31f3e4c012f2808d2b7c,hue_5966ae073fb3a1cdc459,hue_2c1b71693f6f977f88d5,circular_HSV_hue,30,180,entity_17,test,plain,train
hue_triplet_a78f8081f2ebe65e0e85,hue_5966ae073fb3a1cdc459,hue_b2277fc2dc9c6d6015b7,hue_b55e6e232944008c0995,circular_HSV_hue,30,180,entity_17,test,plain,train
hue_triplet_2e33a52278df072858f9,hue_b2277fc2dc9c6d6015b7,hue_b9c04e6c4df751c5a813,hue_f46a8c04913e77c1dcfd,circular_HSV_hue,30,180,entity_17,test,plain,train
hue_triplet_f3470190093c573525bf,hue_b9c04e6c4df751c5a813,hue_45bb89ec4d0799a9a820,hue_83a98ad913f9f4cad75f,circular_HSV_hue,30,180,entity_17,test,plain,train
hue_triplet_bbf6c352987c6d43c8a1,hue_45bb89ec4d0799a9a820,hue_4ed7cd8ee5650ce06dc7,hue_aa4a87d6632b3cb97459,circular_HSV_hue,30,180,entity_17,test,plain,train
hue_triplet_fddfeed98afe67593d9a,hue_4ed7cd8ee5650ce06dc7,hue_2c1b71693f6f977f88d5,hue_a54447f8820ed5a9fd4d,circular_HSV_hue,30,180,entity_17,test,plain,train
hue_triplet_351f0838e4d9a9a749e8,hue_2c1b71693f6f977f88d5,hue_b55e6e232944008c0995,hue_31f3e4c012f2808d2b7c,circular_HSV_hue,30,180,entity_17,test,plain,train
hue_triplet_b00063e3415884ca2785,hue_b55e6e232944008c0995,hue_f46a8c04913e77c1dcfd,hue_5966ae073fb3a1cdc459,circular_HSV_hue,30,180,entity_17,test,plain,train
hue_triplet_433404528430cc95d19d,hue_f46a8c04913e77c1dcfd,hue_83a98ad913f9f4cad75f,hue_b2277fc2dc9c6d6015b7,circular_HSV_hue,30,180,entity_17,test,plain,train
hue_triplet_03600acec7528830a6c2,hue_069c2e49b63c78a7c089,hue_12365e561a18bb096c41,hue_7fe7309b9f640575eb9d,circular_HSV_hue,30,180,entity_17,test,numeric,train
hue_triplet_3a3d5aacd6755fbcc920,hue_12365e561a18bb096c41,hue_f95eb2131009bca1c48f,hue_a39675a01d466da138ef,circular_HSV_hue,30,180,entity_17,test,numeric,train
hue_triplet_352d0c78ecc8e8abdd6e,hue_f95eb2131009bca1c48f,hue_18d13ad6526b61068e45,hue_b7024ad122c40674e3cd,circular_HSV_hue,30,180,entity_17,test,numeric,train
hue_triplet_4b49d883aa7e81633ddf,hue_18d13ad6526b61068e45,hue_2e431492a4f4a77267d7,hue_d5e720a22452a125f671,circular_HSV_hue,30,180,entity_17,test,numeric,train
hue_triplet_36744bb85eb6b78922a5,hue_2e431492a4f4a77267d7,hue_7a6d2dff10fecf56755f,hue_da566b5bd36277111248,circular_HSV_hue,30,180,entity_17,test,numeric,train
hue_triplet_28d99669212dcbc213b7,hue_7a6d2dff10fecf56755f,hue_7fe7309b9f640575eb9d,hue_bc80c9e4e2992cda0445,circular_HSV_hue,30,180,entity_17,test,numeric,train
hue_triplet_078a95a4014afbcfcd92,hue_7fe7309b9f640575eb9d,hue_a39675a01d466da138ef,hue_069c2e49b63c78a7c089,circular_HSV_hue,30,180,entity_17,test,numeric,train
hue_triplet_dd1433cc5f0e23cbce39,hue_a39675a01d466da138ef,hue_b7024ad122c40674e3cd,hue_12365e561a18bb096c41,circular_HSV_hue,30,180,entity_17,test,numeric,train
hue_triplet_c837090d899590ece7d1,hue_b7024ad122c40674e3cd,hue_d5e720a22452a125f671,hue_f95eb2131009bca1c48f,circular_HSV_hue,30,180,entity_17,test,numeric,train
hue_triplet_e6e72672d3fe0bdc680c,hue_d5e720a22452a125f671,hue_da566b5bd36277111248,hue_18d13ad6526b61068e45,circular_HSV_hue,30,180,entity_17,test,numeric,train
hue_triplet_1636408a1cc724397401,hue_da566b5bd36277111248,hue_bc80c9e4e2992cda0445,hue_2e431492a4f4a77267d7,circular_HSV_hue,30,180,entity_17,test,numeric,train
hue_triplet_8639d85699d096a02a71,hue_bc80c9e4e2992cda0445,hue_069c2e49b63c78a7c089,hue_7a6d2dff10fecf56755f,circular_HSV_hue,30,180,entity_17,test,numeric,train
hue_triplet_7f81c913eed21122481e,hue_7e59ec6727dc7065644c,hue_6c73d3f13fb088bfb31d,hue_bb104592fa2e553967e1,circular_HSV_hue,30,180,entity_17,test,paraphrase,heldout
hue_triplet_5a19dd884ae0089ed9a7,hue_6c73d3f13fb088bfb31d,hue_ffbcb2826983aeaccf16,hue_20dca46e756a1a1f84bd,circular_HSV_hue,30,180,entity_17,test,paraphrase,heldout
hue_triplet_73f558ce81e72b71da3b,hue_ffbcb2826983aeaccf16,hue_e9f14817c7dcf171d28f,hue_a66bdcd52ee677abf7d2,circular_HSV_hue,30,180,entity_17,test,paraphrase,heldout
hue_triplet_85abec9675ed13913c79,hue_e9f14817c7dcf171d28f,hue_e1089f98ad95837a9607,hue_559d91e9346871aedf48,circular_HSV_hue,30,180,entity_17,test,paraphrase,heldout
hue_triplet_40ae248ffe4cd5509ac8,hue_e1089f98ad95837a9607,hue_fef4d8ff4f8c446c24da,hue_11a7cb5ddbb43d78298e,circular_HSV_hue,30,180,entity_17,test,paraphrase,heldout
hue_triplet_5256d2a44dd35efd2adf,hue_fef4d8ff4f8c446c24da,hue_bb104592fa2e553967e1,hue_ed3696197cd1fc19e746,circular_HSV_hue,30,180,entity_17,test,paraphrase,heldout
hue_triplet_01d72047fb2321c27d8e,hue_bb104592fa2e553967e1,hue_20dca46e756a1a1f84bd,hue_7e59ec6727dc7065644c,circular_HSV_hue,30,180,entity_17,test,paraphrase,heldout
hue_triplet_2b0a913c0fa61032e007,hue_20dca46e756a1a1f84bd,hue_a66bdcd52ee677abf7d2,hue_6c73d3f13fb088bfb31d,circular_HSV_hue,30,180,entity_17,test,paraphrase,heldout
hue_triplet_a2765d3d11c71353911a,hue_a66bdcd52ee677abf7d2,hue_559d91e9346871aedf48,hue_ffbcb2826983aeaccf16,circular_HSV_hue,30,180,entity_17,test,paraphrase,heldout
hue_triplet_89882173345272a83267,hue_559d91e9346871aedf48,hue_11a7cb5ddbb43d78298e,hue_e9f14817c7dcf171d28f,circular_HSV_hue,30,180,entity_17,test,paraphrase,heldout
hue_triplet_a52271a93ca3c1055d50,hue_11a7cb5ddbb43d78298e,hue_ed3696197cd1fc19e746,hue_e1089f98ad95837a9607,circular_HSV_hue,30,180,entity_17,test,paraphrase,heldout
hue_triplet_63bfb7e9120f26332b80,hue_ed3696197cd1fc19e746,hue_7e59ec6727dc7065644c,hue_fef4d8ff4f8c446c24da,circular_HSV_hue,30,180,entity_17,test,paraphrase,heldout
hue_triplet_d28235254125eb430f7a,hue_b4b5128f05bedb2af9c8,hue_da98e4ca6638a9a24c2a,hue_43f5cdab9929ddcb1944,circular_HSV_hue,30,180,entity_17,test,reordered,heldout
hue_triplet_0bb82beafbfd032cf45e,hue_da98e4ca6638a9a24c2a,hue_e1f0f5ab7be1a46aa893,hue_88d158dd59b91ff06006,circular_HSV_hue,30,180,entity_17,test,reordered,heldout
hue_triplet_f756fd0d475acc943e65,hue_e1f0f5ab7be1a46aa893,hue_f11b8f3cd331ede58c6c,hue_e2b8a243b055941c9c7d,circular_HSV_hue,30,180,entity_17,test,reordered,heldout
hue_triplet_b9a58d9a3bf8d314a9c8,hue_f11b8f3cd331ede58c6c,hue_b02ce742ffaecdfefba8,hue_82c7998eefc003b69022,circular_HSV_hue,30,180,entity_17,test,reordered,heldout
hue_triplet_20190df63c80233e8f06,hue_b02ce742ffaecdfefba8,hue_d0bd0ba583f226c4ece1,hue_4e82dee0ce8a09103a4f,circular_HSV_hue,30,180,entity_17,test,reordered,heldout
hue_triplet_a02e572e4982474f68b0,hue_d0bd0ba583f226c4ece1,hue_43f5cdab9929ddcb1944,hue_cbb6fb629ef239a131be,circular_HSV_hue,30,180,entity_17,test,reordered,heldout
hue_triplet_268b9a2b269645abf380,hue_43f5cdab9929ddcb1944,hue_88d158dd59b91ff06006,hue_b4b5128f05bedb2af9c8,circular_HSV_hue,30,180,entity_17,test,reordered,heldout
hue_triplet_6e86a9fde5abdf0989d6,hue_88d158dd59b91ff06006,hue_e2b8a243b055941c9c7d,hue_da98e4ca6638a9a24c2a,circular_HSV_hue,30,180,entity_17,test,reordered,heldout
hue_triplet_fdaa4764d4e8a80f89d2,hue_e2b8a243b055941c9c7d,hue_82c7998eefc003b69022,hue_e1f0f5ab7be1a46aa893,circular_HSV_hue,30,180,entity_17,test,reordered,heldout
hue_triplet_815ac807236d8de8c1fb,hue_82c7998eefc003b69022,hue_4e82dee0ce8a09103a4f,hue_f11b8f3cd331ede58c6c,circular_HSV_hue,30,180,entity_17,test,reordered,heldout
hue_triplet_5608a20c7587ed459f0a,hue_4e82dee0ce8a09103a4f,hue_cbb6fb629ef239a131be,hue_b02ce742ffaecdfefba8,circular_HSV_hue,30,180,entity_17,test,reordered,heldout
hue_triplet_4346c89b77021dac8c3e,hue_cbb6fb629ef239a131be,hue_b4b5128f05bedb2af9c8,hue_d0bd0ba583f226c4ece1,circular_HSV_hue,30,180,entity_17,test,reordered,heldout
hue_triplet_f3a10f66f597f7757dda,hue_de8840cb2d2f8a52c925,hue_bca7aa63a9661bc5b644,hue_3a8e1f34c4d7e9f38942,circular_HSV_hue,30,180,entity_18,train,plain,train
hue_triplet_16aabcc275b198f7b1b7,hue_bca7aa63a9661bc5b644,hue_8586672a39832f60bd74,hue_d700af9937c90e06c5a2,circular_HSV_hue,30,180,entity_18,train,plain,train
hue_triplet_d252876d688a756b2de1,hue_8586672a39832f60bd74,hue_b47d2eed844718adac38,hue_e11985d5dff5f2c149a3,circular_HSV_hue,30,180,entity_18,train,plain,train
hue_triplet_66b94ffb71ce819a9d84,hue_b47d2eed844718adac38,hue_82098da8676421be4c80,hue_b2b1e3dd3d26849c2af2,circular_HSV_hue,30,180,entity_18,train,plain,train
hue_triplet_21ea8fc96d274f2b78d1,hue_82098da8676421be4c80,hue_590f51d3e1b7dbc396dc,hue_91e02860796070521c2f,circular_HSV_hue,30,180,entity_18,train,plain,train
hue_triplet_4d84b936a297e0e4eafd,hue_590f51d3e1b7dbc396dc,hue_3a8e1f34c4d7e9f38942,hue_9d8b713deca3d90f22be,circular_HSV_hue,30,180,entity_18,train,plain,train
hue_triplet_8dc17666893dd73f4cbc,hue_3a8e1f34c4d7e9f38942,hue_d700af9937c90e06c5a2,hue_de8840cb2d2f8a52c925,circular_HSV_hue,30,180,entity_18,train,plain,train
hue_triplet_8b34285ccd2b760aca21,hue_d700af9937c90e06c5a2,hue_e11985d5dff5f2c149a3,hue_bca7aa63a9661bc5b644,circular_HSV_hue,30,180,entity_18,train,plain,train
hue_triplet_a65bb4636a01517a5d6e,hue_e11985d5dff5f2c149a3,hue_b2b1e3dd3d26849c2af2,hue_8586672a39832f60bd74,circular_HSV_hue,30,180,entity_18,train,plain,train
hue_triplet_083a2e2be362c623d47b,hue_b2b1e3dd3d26849c2af2,hue_91e02860796070521c2f,hue_b47d2eed844718adac38,circular_HSV_hue,30,180,entity_18,train,plain,train
hue_triplet_d63660825b1c8b1605b2,hue_91e02860796070521c2f,hue_9d8b713deca3d90f22be,hue_82098da8676421be4c80,circular_HSV_hue,30,180,entity_18,train,plain,train
hue_triplet_448256557c00a65fdd27,hue_9d8b713deca3d90f22be,hue_de8840cb2d2f8a52c925,hue_590f51d3e1b7dbc396dc,circular_HSV_hue,30,180,entity_18,train,plain,train
hue_triplet_612b56c1e770d56c04b8,hue_2f46c762ca95ebb478eb,hue_3c5cc14123494889078f,hue_786209da3729655115f6,circular_HSV_hue,30,180,entity_18,train,numeric,train
hue_triplet_57ffecb76120184aa0ef,hue_3c5cc14123494889078f,hue_7649982ed121d3cd7817,hue_fa2c423e14d030c89f88,circular_HSV_hue,30,180,entity_18,train,numeric,train
hue_triplet_b48f2c0b31a9dd07098b,hue_7649982ed121d3cd7817,hue_fe552d10bfc6ca314af2,hue_2fa089e8069674c6121a,circular_HSV_hue,30,180,entity_18,train,numeric,train
hue_triplet_4e280522c1d2684903c0,hue_fe552d10bfc6ca314af2,hue_6dcc9578a0e03e6cae8a,hue_eac28578e59618351a57,circular_HSV_hue,30,180,entity_18,train,numeric,train
hue_triplet_40e8fd46c6cb912d95b8,hue_6dcc9578a0e03e6cae8a,hue_0a367cbd143ce2cf1353,hue_269108c410705a3dcff6,circular_HSV_hue,30,180,entity_18,train,numeric,train
hue_triplet_ed53ab6138caa85556b4,hue_0a367cbd143ce2cf1353,hue_786209da3729655115f6,hue_c8b6b5ee93bfa9c9bdcb,circular_HSV_hue,30,180,entity_18,train,numeric,train
hue_triplet_b824290eb622a3718f04,hue_786209da3729655115f6,hue_fa2c423e14d030c89f88,hue_2f46c762ca95ebb478eb,circular_HSV_hue,30,180,entity_18,train,numeric,train
hue_triplet_a4c781d9982f24a64334,hue_fa2c423e14d030c89f88,hue_2fa089e8069674c6121a,hue_3c5cc14123494889078f,circular_HSV_hue,30,180,entity_18,train,numeric,train
hue_triplet_6216e34e92b6c88ede9b,hue_2fa089e8069674c6121a,hue_eac28578e59618351a57,hue_7649982ed121d3cd7817,circular_HSV_hue,30,180,entity_18,train,numeric,train
hue_triplet_17945468466202b0334a,hue_eac28578e59618351a57,hue_269108c410705a3dcff6,hue_fe552d10bfc6ca314af2,circular_HSV_hue,30,180,entity_18,train,numeric,train
hue_triplet_50bd4b50e67bdba7fda1,hue_269108c410705a3dcff6,hue_c8b6b5ee93bfa9c9bdcb,hue_6dcc9578a0e03e6cae8a,circular_HSV_hue,30,180,entity_18,train,numeric,train
hue_triplet_196e4bf0aae4f677cef6,hue_c8b6b5ee93bfa9c9bdcb,hue_2f46c762ca95ebb478eb,hue_0a367cbd143ce2cf1353,circular_HSV_hue,30,180,entity_18,train,numeric,train
hue_triplet_31bc15498903c603e02a,hue_71a6864e83e05b222a46,hue_489ce8869de4e867b130,hue_e334d8419a954775a372,circular_HSV_hue,30,180,entity_18,train,paraphrase,heldout
hue_triplet_7e44c2eeb8d07e46c350,hue_489ce8869de4e867b130,hue_c12cd78579b609838435,hue_b49dc6f390ef25b4b5c3,circular_HSV_hue,30,180,entity_18,train,paraphrase,heldout
hue_triplet_23ac1a996cb99d968600,hue_c12cd78579b609838435,hue_b7a76ba48a7b027c4684,hue_5a59019f9ab869785336,circular_HSV_hue,30,180,entity_18,train,paraphrase,heldout
hue_triplet_5efdb786555da528d054,hue_b7a76ba48a7b027c4684,hue_db80badd14739057b1c6,hue_b6ea8df0dda051fa7020,circular_HSV_hue,30,180,entity_18,train,paraphrase,heldout
hue_triplet_dc0dd2ee4a8ceaba6849,hue_db80badd14739057b1c6,hue_f0641b30b90585e5a0b4,hue_c032495e1de797cc8a23,circular_HSV_hue,30,180,entity_18,train,paraphrase,heldout
hue_triplet_c2b1bdd4cdf36fcaa3ed,hue_f0641b30b90585e5a0b4,hue_e334d8419a954775a372,hue_6834e63ec551b27372cb,circular_HSV_hue,30,180,entity_18,train,paraphrase,heldout
hue_triplet_05bf01d8c12be278afd6,hue_e334d8419a954775a372,hue_b49dc6f390ef25b4b5c3,hue_71a6864e83e05b222a46,circular_HSV_hue,30,180,entity_18,train,paraphrase,heldout
hue_triplet_40aaca4a95c3be5f4a62,hue_b49dc6f390ef25b4b5c3,hue_5a59019f9ab869785336,hue_489ce8869de4e867b130,circular_HSV_hue,30,180,entity_18,train,paraphrase,heldout
hue_triplet_89565df2625fd126ca78,hue_5a59019f9ab869785336,hue_b6ea8df0dda051fa7020,hue_c12cd78579b609838435,circular_HSV_hue,30,180,entity_18,train,paraphrase,heldout
hue_triplet_51851aa80676711cc917,hue_b6ea8df0dda051fa7020,hue_c032495e1de797cc8a23,hue_b7a76ba48a7b027c4684,circular_HSV_hue,30,180,entity_18,train,paraphrase,heldout
hue_triplet_47f7918b45cc95d3a8c7,hue_c032495e1de797cc8a23,hue_6834e63ec551b27372cb,hue_db80badd14739057b1c6,circular_HSV_hue,30,180,entity_18,train,paraphrase,heldout
hue_triplet_de11457b6ce9e1b7568a,hue_6834e63ec551b27372cb,hue_71a6864e83e05b222a46,hue_f0641b30b90585e5a0b4,circular_HSV_hue,30,180,entity_18,train,paraphrase,heldout
hue_triplet_54099a315cd455ffc3fb,hue_b49e0050007d4cb79fdc,hue_914e93747f873d996227,hue_ef4f67e1263f501ff1a2,circular_HSV_hue,30,180,entity_18,train,reordered,heldout
hue_triplet_132945dd34db1f01db7d,hue_914e93747f873d996227,hue_ec2ee82418ca4106401c,hue_35d322ddc983df062c39,circular_HSV_hue,30,180,entity_18,train,reordered,heldout
hue_triplet_12a8a7a06cd9cb62cdca,hue_ec2ee82418ca4106401c,hue_9ba7660e73faad6f02c0,hue_90c102fc2732bcaa299c,circular_HSV_hue,30,180,entity_18,train,reordered,heldout
hue_triplet_633a3caed22d53773c61,hue_9ba7660e73faad6f02c0,hue_6a3b3ed8448a77ba5bbf,hue_5ee883d9e91af3b66ad2,circular_HSV_hue,30,180,entity_18,train,reordered,heldout
hue_triplet_3d4f1f8c279902a67bf4,hue_6a3b3ed8448a77ba5bbf,hue_b563750a81784a5cbb0f,hue_5ba6505cd995693352b6,circular_HSV_hue,30,180,entity_18,train,reordered,heldout
hue_triplet_15211fc81f6a6e98a2e9,hue_b563750a81784a5cbb0f,hue_ef4f67e1263f501ff1a2,hue_99e493d79fff6952472e,circular_HSV_hue,30,180,entity_18,train,reordered,heldout
hue_triplet_5b82fe3772920f794d05,hue_ef4f67e1263f501ff1a2,hue_35d322ddc983df062c39,hue_b49e0050007d4cb79fdc,circular_HSV_hue,30,180,entity_18,train,reordered,heldout
hue_triplet_b4633cf9425693a9275a,hue_35d322ddc983df062c39,hue_90c102fc2732bcaa299c,hue_914e93747f873d996227,circular_HSV_hue,30,180,entity_18,train,reordered,heldout
hue_triplet_1991babc65baffa454ab,hue_90c102fc2732bcaa299c,hue_5ee883d9e91af3b66ad2,hue_ec2ee82418ca4106401c,circular_HSV_hue,30,180,entity_18,train,reordered,heldout
hue_triplet_04f75c8d8d371a002a3d,hue_5ee883d9e91af3b66ad2,hue_5ba6505cd995693352b6,hue_9ba7660e73faad6f02c0,circular_HSV_hue,30,180,entity_18,train,reordered,heldout
hue_triplet_3b2e07e63021d7ef2688,hue_5ba6505cd995693352b6,hue_99e493d79fff6952472e,hue_6a3b3ed8448a77ba5bbf,circular_HSV_hue,30,180,entity_18,train,reordered,heldout
hue_triplet_d37a2f4d477e575c7689,hue_99e493d79fff6952472e,hue_b49e0050007d4cb79fdc,hue_b563750a81784a5cbb0f,circular_HSV_hue,30,180,entity_18,train,reordered,heldout
hue_triplet_8003094cf08fdd70fcff,hue_6e7c37a446a3daab68c0,hue_76eafbf1df45f35f8bbf,hue_7b7efda34e392a5b9493,circular_HSV_hue,30,180,entity_19,train,plain,train
hue_triplet_8e1c6b49a484cc21b818,hue_76eafbf1df45f35f8bbf,hue_64c0a332f55241805032,hue_ab969185d785dc61f9a7,circular_HSV_hue,30,180,entity_19,train,plain,train
hue_triplet_12abd5261b639b1ecaf7,hue_64c0a332f55241805032,hue_08ef8d96c065c28f6ba2,hue_9e4f71087a1b6b53db38,circular_HSV_hue,30,180,entity_19,train,plain,train
hue_triplet_f6eea849ee9b085427a1,hue_08ef8d96c065c28f6ba2,hue_f2e5472069d8962fb54b,hue_fe89e33740978d156e72,circular_HSV_hue,30,180,entity_19,train,plain,train
hue_triplet_2e2f75863648c58af647,hue_f2e5472069d8962fb54b,hue_750e12f2c147ab160847,hue_e031d0246022460cca4f,circular_HSV_hue,30,180,entity_19,train,plain,train
hue_triplet_e0e86231163003a4e630,hue_750e12f2c147ab160847,hue_7b7efda34e392a5b9493,hue_74e05cba4da214c48c39,circular_HSV_hue,30,180,entity_19,train,plain,train
hue_triplet_3cf2fc74967337cda87f,hue_7b7efda34e392a5b9493,hue_ab969185d785dc61f9a7,hue_6e7c37a446a3daab68c0,circular_HSV_hue,30,180,entity_19,train,plain,train
hue_triplet_04180d0737cc088f4a37,hue_ab969185d785dc61f9a7,hue_9e4f71087a1b6b53db38,hue_76eafbf1df45f35f8bbf,circular_HSV_hue,30,180,entity_19,train,plain,train
hue_triplet_18cee9b407652533c3c3,hue_9e4f71087a1b6b53db38,hue_fe89e33740978d156e72,hue_64c0a332f55241805032,circular_HSV_hue,30,180,entity_19,train,plain,train
hue_triplet_8915218419bd9c6433bb,hue_fe89e33740978d156e72,hue_e031d0246022460cca4f,hue_08ef8d96c065c28f6ba2,circular_HSV_hue,30,180,entity_19,train,plain,train
hue_triplet_c38eceee4251310f51c8,hue_e031d0246022460cca4f,hue_74e05cba4da214c48c39,hue_f2e5472069d8962fb54b,circular_HSV_hue,30,180,entity_19,train,plain,train
hue_triplet_607714a3fbee1b6361ae,hue_74e05cba4da214c48c39,hue_6e7c37a446a3daab68c0,hue_750e12f2c147ab160847,circular_HSV_hue,30,180,entity_19,train,plain,train
hue_triplet_9fd5ddca04f1c4d6d004,hue_51d995e4551ace6aded7,hue_a813510e015b92054249,hue_9454d0c417b02461adca,circular_HSV_hue,30,180,entity_19,train,numeric,train
hue_triplet_7b93b515d05d261ee81e,hue_a813510e015b92054249,hue_b2917ad14823c10ce12a,hue_c97ffe69e1579000bbb0,circular_HSV_hue,30,180,entity_19,train,numeric,train
hue_triplet_4581cd1df892a26a3cb3,hue_b2917ad14823c10ce12a,hue_7742f5fe901e173e5d28,hue_39b89f30d9b07c3e17c8,circular_HSV_hue,30,180,entity_19,train,numeric,train
hue_triplet_5892a2311576fd59b365,hue_7742f5fe901e173e5d28,hue_a6883203128a25296d0f,hue_71b1b87dcdf5a4be0027,circular_HSV_hue,30,180,entity_19,train,numeric,train
hue_triplet_4874c1d0f30b5444b828,hue_a6883203128a25296d0f,hue_aee3e8c959bab06bdf8f,hue_7f3389822eae6458a3bd,circular_HSV_hue,30,180,entity_19,train,numeric,train
hue_triplet_a6bd4c88a8c83df5bac1,hue_aee3e8c959bab06bdf8f,hue_9454d0c417b02461adca,hue_0981578369f92d3c0c74,circular_HSV_hue,30,180,entity_19,train,numeric,train
hue_triplet_69f56f40172ceb8208ef,hue_9454d0c417b02461adca,hue_c97ffe69e1579000bbb0,hue_51d995e4551ace6aded7,circular_HSV_hue,30,180,entity_19,train,numeric,train
hue_triplet_02ed5d3333c940c744ea,hue_c97ffe69e1579000bbb0,hue_39b89f30d9b07c3e17c8,hue_a813510e015b92054249,circular_HSV_hue,30,180,entity_19,train,numeric,train
hue_triplet_838db980a8f6d93c23f9,hue_39b89f30d9b07c3e17c8,hue_71b1b87dcdf5a4be0027,hue_b2917ad14823c10ce12a,circular_HSV_hue,30,180,entity_19,train,numeric,train
hue_triplet_e40ede99e9ef42f4b791,hue_71b1b87dcdf5a4be0027,hue_7f3389822eae6458a3bd,hue_7742f5fe901e173e5d28,circular_HSV_hue,30,180,entity_19,train,numeric,train
hue_triplet_f5efc738c1924dfaa1c4,hue_7f3389822eae6458a3bd,hue_0981578369f92d3c0c74,hue_a6883203128a25296d0f,circular_HSV_hue,30,180,entity_19,train,numeric,train
hue_triplet_d74f62b779c89ca0242c,hue_0981578369f92d3c0c74,hue_51d995e4551ace6aded7,hue_aee3e8c959bab06bdf8f,circular_HSV_hue,30,180,entity_19,train,numeric,train
hue_triplet_f96aa12d9161407f3e9f,hue_2b44db572f4efa645655,hue_44cb4bb2d8c1ae9d438a,hue_6026272a38f6fb35b776,circular_HSV_hue,30,180,entity_19,train,paraphrase,heldout
hue_triplet_4f8262316d04cafa40e3,hue_44cb4bb2d8c1ae9d438a,hue_50839fcdf5e5924521fd,hue_d86b1310efd9a9644dea,circular_HSV_hue,30,180,entity_19,train,paraphrase,heldout
hue_triplet_2f186b789f14b68f0df3,hue_50839fcdf5e5924521fd,hue_a917d3a8c20d03ba60f1,hue_b29282649904c55bffd3,circular_HSV_hue,30,180,entity_19,train,paraphrase,heldout
hue_triplet_e7c74dfa796d6adfcac5,hue_a917d3a8c20d03ba60f1,hue_6e8994b4a933b10761eb,hue_17aa2094877fda08e71f,circular_HSV_hue,30,180,entity_19,train,paraphrase,heldout
hue_triplet_707e4dab28f5d0911444,hue_6e8994b4a933b10761eb,hue_d0792ed7505463bb1073,hue_42988c0a9efee1744e68,circular_HSV_hue,30,180,entity_19,train,paraphrase,heldout
hue_triplet_0d18456bd41502df52bd,hue_d0792ed7505463bb1073,hue_6026272a38f6fb35b776,hue_13a4ba32e98f1cd5cb6f,circular_HSV_hue,30,180,entity_19,train,paraphrase,heldout
hue_triplet_38750626632836cbea45,hue_6026272a38f6fb35b776,hue_d86b1310efd9a9644dea,hue_2b44db572f4efa645655,circular_HSV_hue,30,180,entity_19,train,paraphrase,heldout
hue_triplet_b01ebd8f629b7d2abf33,hue_d86b1310efd9a9644dea,hue_b29282649904c55bffd3,hue_44cb4bb2d8c1ae9d438a,circular_HSV_hue,30,180,entity_19,train,paraphrase,heldout
hue_triplet_e7889f8302a02698eb8a,hue_b29282649904c55bffd3,hue_17aa2094877fda08e71f,hue_50839fcdf5e5924521fd,circular_HSV_hue,30,180,entity_19,train,paraphrase,heldout
hue_triplet_12f7d6c574e71fd02c47,hue_17aa2094877fda08e71f,hue_42988c0a9efee1744e68,hue_a917d3a8c20d03ba60f1,circular_HSV_hue,30,180,entity_19,train,paraphrase,heldout
hue_triplet_78a884a7a681893e9cf3,hue_42988c0a9efee1744e68,hue_13a4ba32e98f1cd5cb6f,hue_6e8994b4a933b10761eb,circular_HSV_hue,30,180,entity_19,train,paraphrase,heldout
hue_triplet_6751ee792e06a478d18d,hue_13a4ba32e98f1cd5cb6f,hue_2b44db572f4efa645655,hue_d0792ed7505463bb1073,circular_HSV_hue,30,180,entity_19,train,paraphrase,heldout
hue_triplet_31298960465b985880b1,hue_491fb121d714afa77de8,hue_9613071765d4d2479967,hue_c647c93c888047346ce3,circular_HSV_hue,30,180,entity_19,train,reordered,heldout
hue_triplet_d140367417ea67c2f35f,hue_9613071765d4d2479967,hue_8a207bf1cd20db25e85d,hue_364122205080b5fb3920,circular_HSV_hue,30,180,entity_19,train,reordered,heldout
hue_triplet_e3b5393b7acad346d753,hue_8a207bf1cd20db25e85d,hue_da9f7d2fc3492570e3b3,hue_f20f8346336429ef9849,circular_HSV_hue,30,180,entity_19,train,reordered,heldout
hue_triplet_63e917ec24453415ee98,hue_da9f7d2fc3492570e3b3,hue_9b39a9c1419ded7039b7,hue_66d2dff64908fe91a184,circular_HSV_hue,30,180,entity_19,train,reordered,heldout
hue_triplet_048e532b94ea03481e5c,hue_9b39a9c1419ded7039b7,hue_fc85b37a3183fce61343,hue_7ee2d86f4b028c4910f3,circular_HSV_hue,30,180,entity_19,train,reordered,heldout
hue_triplet_96030aded7e7eede655a,hue_fc85b37a3183fce61343,hue_c647c93c888047346ce3,hue_62e6eaff405c4b91f675,circular_HSV_hue,30,180,entity_19,train,reordered,heldout
hue_triplet_b22e25054871b254f908,hue_c647c93c888047346ce3,hue_364122205080b5fb3920,hue_491fb121d714afa77de8,circular_HSV_hue,30,180,entity_19,train,reordered,heldout
hue_triplet_d5d4195d9c74af76407f,hue_364122205080b5fb3920,hue_f20f8346336429ef9849,hue_9613071765d4d2479967,circular_HSV_hue,30,180,entity_19,train,reordered,heldout
hue_triplet_f5bbfc2bc3246da60f39,hue_f20f8346336429ef9849,hue_66d2dff64908fe91a184,hue_8a207bf1cd20db25e85d,circular_HSV_hue,30,180,entity_19,train,reordered,heldout
hue_triplet_55d4d52844359dc2c9dc,hue_66d2dff64908fe91a184,hue_7ee2d86f4b028c4910f3,hue_da9f7d2fc3492570e3b3,circular_HSV_hue,30,180,entity_19,train,reordered,heldout
hue_triplet_67f69f527076229d41f8,hue_7ee2d86f4b028c4910f3,hue_62e6eaff405c4b91f675,hue_9b39a9c1419ded7039b7,circular_HSV_hue,30,180,entity_19,train,reordered,heldout
hue_triplet_d4b8f3bfebe5d63aa295,hue_62e6eaff405c4b91f675,hue_491fb121d714afa77de8,hue_fc85b37a3183fce61343,circular_HSV_hue,30,180,entity_19,train,reordered,heldout
